200.197.79.204.in-addr.arpa@dns.qry.name,0,0,0,1,0,0,1
107.5.28.163.in-addr.arpa@dns.qry.name,0,0,0,1,0,0,1
194.98.18.104.in-addr.arpa@dns.qry.name,0,0,0,1,0,0,1
101.154.63.168.in-addr.arpa@dns.qry.name,0,0,0,1,0,0,1
id.google.com@dns.qry.name,0,0,0,1,0,0,1
array704.prod.do.dsp.mp.microsoft.com@dns.qry.name,0,0,0,1,0,0,1
124.137.90.40.in-addr.arpa@dns.qry.name,0,0,0,1,0,0,1
array707.prod.do.dsp.mp.microsoft.com@dns.qry.name,0,0,0,1,0,0,1
13.14.113.140.in-addr.arpa@dns.qry.name,0,0,0,1,0,0,1
77.160.217.172.in-addr.arpa@dns.qry.name,0,0,0,1,0,0,1
r5---sn-hpa7kn7z.googlevideo.com@dns.qry.name,0,0,0,1,0,0,1
r4---sn-un57en7l.googlevideo.com@dns.qry.name,0,0,0,1,0,0,1
234.51.194.173.in-addr.arpa@dns.qry.name,0,0,0,1,0,0,1
107.99.125.74.in-addr.arpa@dns.qry.name,0,0,0,1,0,0,1
r4---sn-un57en7e.googlevideo.com@dns.qry.name,0,0,0,1,0,0,1
218.51.194.173.in-addr.arpa@dns.qry.name,0,0,0,1,0,0,1
www.i-gamer.net@dns.qry.name,0,0,0,1,0,0,1
ocsp.godaddy.com@dns.qry.name,0,0,0,1,0,0,1
60.224.28.163.in-addr.arpa@dns.qry.name,0,0,0,1,0,0,1
68.37.35.13.in-addr.arpa@dns.qry.name,0,0,0,1,0,0,1
35.166.217.172.in-addr.arpa@dns.qry.name,0,0,0,1,0,0,1
us-central1-amp-error-reporting.cloudfunctions.net@dns.qry.name,0,0,0,1,0,0,1
54.36.239.216.in-addr.arpa@dns.qry.name,0,0,0,1,0,0,1
ocsp.sca1b.amazontrust.com@dns.qry.name,0,0,0,1,0,0,1
72.37.35.13.in-addr.arpa@dns.qry.name,0,0,0,1,0,0,1
37.85.231.34.in-addr.arpa@dns.qry.name,0,0,0,1,0,0,1
197.225.28.163.in-addr.arpa@dns.qry.name,0,0,0,1,0,0,1
139.33.35.13.in-addr.arpa@dns.qry.name,0,0,0,1,0,0,1
57.37.35.13.in-addr.arpa@dns.qry.name,0,0,0,1,0,0,1
tps803.doubleverify.com@dns.qry.name,0,0,0,1,0,0,1
tps20801.doubleverify.com@dns.qry.name,0,0,0,1,0,0,1
tps20803.doubleverify.com@dns.qry.name,0,0,0,1,0,0,1
195.9.217.172.in-addr.arpa@dns.qry.name,0,0,0,1,0,0,1
tps804.doubleverify.com@dns.qry.name,0,0,0,1,0,0,1
179.224.28.163.in-addr.arpa@dns.qry.name,0,0,0,1,0,0,1
23.226.28.163.in-addr.arpa@dns.qry.name,0,0,0,1,0,0,1
26.225.28.163.in-addr.arpa@dns.qry.name,0,0,0,1,0,0,1
110.4.28.104.in-addr.arpa@dns.qry.name,0,0,0,1,0,0,1
tps20238.doubleverify.com@dns.qry.name,0,0,0,1,0,0,1
23.37.35.13.in-addr.arpa@dns.qry.name,0,0,0,1,0,0,1
175.219.59.210.in-addr.arpa@dns.qry.name,0,0,0,1,0,0,1
24.3.197.209.in-addr.arpa@dns.qry.name,0,0,0,1,0,0,1
36.37.35.13.in-addr.arpa@dns.qry.name,0,0,0,1,0,0,1
tps20811.doubleverify.com@dns.qry.name,0,0,0,1,0,0,1
tps20806.doubleverify.com@dns.qry.name,0,0,0,1,0,0,1
7.38.75.13.in-addr.arpa@dns.qry.name,0,0,0,0,1,0,1
vscodeexperiments.azureedge.net@dns.qry.name,0,0,0,0,1,0,1
uhf.microsoft.com@dns.qry.name,0,0,0,0,1,0,1
api.github.com@dns.qry.name,0,0,0,0,1,0,1
157.189.233.64.in-addr.arpa@dns.qry.name,0,0,0,0,1,0,1
125.137.90.40.in-addr.arpa@dns.qry.name,0,0,0,0,1,0,1
2.36.114.52.in-addr.arpa@dns.qry.name,0,0,0,0,1,0,1
tsfe.trafficshaping.dsp.mp.microsoft.com@dns.qry.name,0,0,0,0,1,0,1
30.7.26.104.in-addr.arpa@dns.qry.name,0,0,0,0,1,0,1
tlu.dl.delivery.mp.microsoft.com@dns.qry.name,0,0,0,0,1,0,1
24.5.28.163.in-addr.arpa@dns.qry.name,0,0,0,0,1,0,1
126.138.241.8.in-addr.arpa@dns.qry.name,0,0,0,0,1,0,1
11.tlu.dl.delivery.mp.microsoft.com@dns.qry.name,0,0,0,0,1,0,1
19.5.28.163.in-addr.arpa@dns.qry.name,0,0,0,0,1,0,1
17.5.28.163.in-addr.arpa@dns.qry.name,0,0,0,0,1,0,1
2.tlu.dl.delivery.mp.microsoft.com@dns.qry.name,0,0,0,0,1,0,1
32.5.28.163.in-addr.arpa@dns.qry.name,0,0,0,0,1,0,1
t-ring.msedge.net@dns.qry.name,0,0,0,0,1,0,1
c-ring.msedge.net@dns.qry.name,0,0,0,0,1,0,1
onecs-live.azureedge.net@dns.qry.name,0,0,0,0,1,0,1
ocsp.globalsign.com@dns.qry.name,0,0,0,0,1,0,1
226.21.18.104.in-addr.arpa@dns.qry.name,0,0,0,0,1,0,1
25.5.28.163.in-addr.arpa@dns.qry.name,0,0,0,0,1,0,1
194.100.18.104.in-addr.arpa@dns.qry.name,0,0,0,0,1,0,1
outlookmobile-office365-tas.msedge.net@dns.qry.name,0,0,0,0,1,0,1
settings.data.microsoft.com@dns.qry.name,0,0,0,0,1,0,1
www.msftconnecttest.com@dns.qry.name,0,0,0,0,1,0,1
b-ring.msedge.net@dns.qry.name,0,0,0,0,1,0,1
s-ring.msedge.net@dns.qry.name,0,0,0,0,1,0,1
spo-ring.msedge.net@dns.qry.name,0,0,0,0,1,0,1
0d226e6d715b9caf3448f900e3f6dcaf.clo.footprintdns.com@dns.qry.name,0,0,0,0,1,0,1
a-ring.msedge.net@dns.qry.name,0,0,0,0,1,0,1
254.197.79.204.in-addr.arpa@dns.qry.name,0,0,0,0,1,0,1
fp-vs.azureedge.net@dns.qry.name,0,0,0,0,1,0,1
www.python.org@dns.qry.name,0,0,0,0,1,0,1
ithelp.ithome.com.tw@dns.qry.name,0,0,0,0,1,0,1
itadapi.ithome.com.tw@dns.qry.name,0,0,0,0,1,0,1
member.ithome.com.tw@dns.qry.name,0,0,0,0,1,0,1
238.169.113.13.in-addr.arpa@dns.qry.name,0,0,0,0,1,0,1
20.85.16.104.in-addr.arpa@dns.qry.name,0,0,0,0,1,0,1
itadstatic.ithome.com.tw@dns.qry.name,0,0,0,0,1,0,1
d1dwq032kyr03c.cloudfront.net@dns.qry.name,0,0,0,0,1,0,1
229.132.16.104.in-addr.arpa@dns.qry.name,0,0,0,0,1,0,1
34.37.35.13.in-addr.arpa@dns.qry.name,0,0,0,0,1,0,1
114.230.59.210.in-addr.arpa@dns.qry.name,0,0,0,0,1,0,1
4.37.35.13.in-addr.arpa@dns.qry.name,0,0,0,0,1,0,1
2p66nmmycsj3.statuspage.io@dns.qry.name,0,0,0,0,1,0,1
145.138.63.168.in-addr.arpa@dns.qry.name,0,0,0,0,1,0,1
storeedgefd.dsx.mp.microsoft.com@dns.qry.name,0,0,0,0,1,0,1
www.microsoft.com@dns.qry.name,0,0,0,0,1,0,1
a-ring-fallback.msedge.net@dns.qry.name,0,0,0,0,1,0,1
254.33.253.131.in-addr.arpa@dns.qry.name,0,0,0,0,1,0,1
45.200.58.216.in-addr.arpa@dns.qry.name,0,0,0,0,1,0,1
v20.events.data.microsoft.com@dns.qry.name,0,0,0,0,1,0,1
msftspeechmodelsprod.azureedge.net@dns.qry.name,0,0,0,0,1,0,1
32.61.94.104.in-addr.arpa@dns.qry.name,0,0,0,0,1,0,1
ow1.res.office365.com@dns.qry.name,0,0,0,0,1,0,1
80.224.28.163.in-addr.arpa@dns.qry.name,0,0,0,0,1,0,1
encrypted-vtbn1.gstatic.com@dns.qry.name,0,0,1,0,0,0,1
12.14.113.140.in-addr.arpa@dns.qry.name,0,0,1,0,0,0,1
bw.scupio.com@dns.qry.name,0,0,0,0,0,1,1
stock.capital.com.tw@dns.qry.name,0,0,0,0,0,1,1
113.189.233.64.in-addr.arpa@dns.qry.name,0,0,0,0,0,1,1
www.capitalfutures.com.tw@dns.qry.name,0,0,0,0,0,1,1
img.capital.com.tw@dns.qry.name,0,0,0,0,0,1,1
116.57.195.152.in-addr.arpa@dns.qry.name,0,0,0,0,0,1,1
212.18.1.3.in-addr.arpa@dns.qry.name,0,0,0,0,0,1,1
143.218.10.106.in-addr.arpa@dns.qry.name,0,0,0,0,0,1,1
aka-cdn.adtechus.com@dns.qry.name,0,0,0,0,0,1,1
157.61.195.152.in-addr.arpa@dns.qry.name,0,0,0,0,0,1,1
10.44.199.152.in-addr.arpa@dns.qry.name,0,0,0,0,0,1,1
90.104.141.18.in-addr.arpa@dns.qry.name,0,0,0,0,0,1,1
113.186.251.13.in-addr.arpa@dns.qry.name,0,0,0,0,0,1,1
image8.pubmatic.com@dns.qry.name,0,0,0,0,0,1,1
onevideosync.uplynk.com@dns.qry.name,0,0,0,0,0,1,1
203.61.195.152.in-addr.arpa@dns.qry.name,0,0,0,0,0,1,1
26.60.84.185.in-addr.arpa@dns.qry.name,0,0,0,0,0,1,1
197.98.231.103.in-addr.arpa@dns.qry.name,0,0,0,0,0,1,1
219.219.76.52.in-addr.arpa@dns.qry.name,0,0,0,0,0,1,1
155.23.125.74.in-addr.arpa@dns.qry.name,0,0,0,0,0,1,1
249.224.28.163.in-addr.arpa@dns.qry.name,0,0,0,0,0,1,1
21.22.178.18.in-addr.arpa@dns.qry.name,0,0,0,0,0,1,1
186.157.199.54.in-addr.arpa@dns.qry.name,0,0,0,0,0,1,1
141.205.228.13.in-addr.arpa@dns.qry.name,0,0,0,0,0,1,1
44.1.101.151.in-addr.arpa@dns.qry.name,0,0,0,0,0,1,1
182.206.229.103.in-addr.arpa@dns.qry.name,0,0,0,0,0,1,1
162.102.222.180.in-addr.arpa@dns.qry.name,0,0,0,0,0,1,1
10.248.199.67.in-addr.arpa@dns.qry.name,0,0,0,0,0,1,1
pr.ybp.yahoo.com@dns.qry.name,0,0,0,0,0,1,1
68.173.250.13.in-addr.arpa@dns.qry.name,0,0,0,0,0,1,1
104.103.108.124.in-addr.arpa@dns.qry.name,0,0,0,0,0,1,1
opus.analytics.yahoo.com@dns.qry.name,0,0,0,0,0,1,1
143.40.199.152.in-addr.arpa@dns.qry.name,0,0,0,0,0,1,1
pixel.mathtag.com@dns.qry.name,0,0,0,0,0,1,1
i.ctnsnet.com@dns.qry.name,0,0,0,0,0,1,1
d5p.de17a.com@dns.qry.name,0,0,0,0,0,1,1
aol.socdm.com@dns.qry.name,0,0,0,0,0,1,1
match.adsby.bidtheatre.com@dns.qry.name,0,0,0,0,0,1,1
sync.fout.jp@dns.qry.name,0,0,0,0,0,1,1
7.225.28.163.in-addr.arpa@dns.qry.name,0,0,0,0,0,1,1
verizon.adhaven.com@dns.qry.name,0,0,0,0,0,1,1
px.owneriq.net@dns.qry.name,0,0,0,0,0,1,1
37.238.232.202.in-addr.arpa@dns.qry.name,0,0,0,0,0,1,1
3.208.241.202.in-addr.arpa@dns.qry.name,0,0,0,0,0,1,1
155.220.99.167.in-addr.arpa@dns.qry.name,0,0,0,0,0,1,1
sync-tapi.admatrix.jp@dns.qry.name,0,0,0,0,0,1,1
110.113.95.34.in-addr.arpa@dns.qry.name,0,0,0,0,0,1,1
232.56.94.104.in-addr.arpa@dns.qry.name,0,0,0,0,0,1,1
129.71.8.198.in-addr.arpa@dns.qry.name,0,0,0,0,0,1,1
82.200.131.202.in-addr.arpa@dns.qry.name,0,0,0,0,0,1,1
audex.userreport.com@dns.qry.name,0,0,0,0,0,1,1
147.236.10.106.in-addr.arpa@dns.qry.name,0,0,0,0,0,1,1
31.224.28.163.in-addr.arpa@dns.qry.name,0,0,0,0,0,1,1
234.88.197.52.in-addr.arpa@dns.qry.name,0,0,0,0,0,1,1
3.121.193.52.in-addr.arpa@dns.qry.name,0,0,0,0,0,1,1
mt.holmesmind.com@dns.qry.name,0,0,0,0,0,1,1
eb2.3lift.com@dns.qry.name,0,0,0,0,0,1,1
gu.dyntrk.com@dns.qry.name,0,0,0,0,0,1,1
sync.go.sonobi.com@dns.qry.name,0,0,0,0,0,1,1
sync.tidaltv.com@dns.qry.name,0,0,0,0,0,1,1
a.sportradarserving.com@dns.qry.name,0,0,0,0,0,1,1
19.178.230.222.in-addr.arpa@dns.qry.name,0,0,0,0,0,1,1
223.29.169.54.in-addr.arpa@dns.qry.name,0,0,0,0,0,1,1
track.eyeviewads.com@dns.qry.name,0,0,0,0,0,1,1
16.132.136.18.in-addr.arpa@dns.qry.name,0,0,0,0,0,1,1
173.144.74.52.in-addr.arpa@dns.qry.name,0,0,0,0,0,1,1
209.69.195.18.in-addr.arpa@dns.qry.name,0,0,0,0,0,1,1
136.153.0.3.in-addr.arpa@dns.qry.name,0,0,0,0,0,1,1
75.250.34.72.in-addr.arpa@dns.qry.name,0,0,0,0,0,1,1
180.117.161.51.in-addr.arpa@dns.qry.name,0,0,0,0,0,1,1
204.197.2.204.in-addr.arpa@dns.qry.name,0,0,0,0,0,1,1
246.187.213.61.in-addr.arpa@dns.qry.name,0,0,0,0,0,1,1
l2.visiblemeasures.com@dns.qry.name,0,0,0,0,0,1,1
a.c.appier.net@dns.qry.name,0,0,0,0,0,1,1
115.6.120.3.in-addr.arpa@dns.qry.name,0,0,0,0,0,1,1
17.171.230.44.in-addr.arpa@dns.qry.name,0,0,0,0,0,1,1
dsp.nrich.ai@dns.qry.name,0,0,0,0,0,1,1
99.30.162.139.in-addr.arpa@dns.qry.name,0,0,0,0,0,1,1
205.197.230.157.in-addr.arpa@dns.qry.name,0,0,0,0,0,1,1
176.189.64.54.in-addr.arpa@dns.qry.name,0,0,0,0,0,1,1
112.254.124.13.in-addr.arpa@dns.qry.name,0,0,0,0,0,1,1
11.10.161.119.in-addr.arpa@dns.qry.name,0,0,0,0,0,1,1
151.102.222.180.in-addr.arpa@dns.qry.name,0,0,0,0,0,1,1
usersync.videoamp.com@dns.qry.name,0,0,0,0,0,1,1
atp.mxptint.net@dns.qry.name,0,0,0,0,0,1,1
s.amazon-adsystem.com@dns.qry.name,0,0,0,0,0,1,1
rtb.adentifi.com@dns.qry.name,0,0,0,0,0,1,1
tag.yieldoptimizer.com@dns.qry.name,0,0,0,0,0,1,1
match.prod.bidr.io@dns.qry.name,0,0,0,0,0,1,1
31.13.220.52.in-addr.arpa@dns.qry.name,0,0,0,0,0,1,1
198.152.77.52.in-addr.arpa@dns.qry.name,0,0,0,0,0,1,1
154.23.125.74.in-addr.arpa@dns.qry.name,0,0,0,0,0,1,1
30.246.76.52.in-addr.arpa@dns.qry.name,0,0,0,0,0,1,1
geo.moatads.com@dns.qry.name,0,0,0,0,0,1,1
apx.moatads.com@dns.qry.name,0,0,0,0,0,1,1
140.206.21.72.in-addr.arpa@dns.qry.name,0,0,0,0,0,1,1
125.122.54.52.in-addr.arpa@dns.qry.name,0,0,0,0,0,1,1
9.20.190.35.in-addr.arpa@dns.qry.name,0,0,0,0,0,1,1
41.19.162.139.in-addr.arpa@dns.qry.name,0,0,0,0,0,1,1
190.207.127.199.in-addr.arpa@dns.qry.name,0,0,0,0,0,1,1
117.21.138.18.in-addr.arpa@dns.qry.name,0,0,0,0,0,1,1
0.207.250.54.in-addr.arpa@dns.qry.name,0,0,0,0,0,1,1
182.181.129.174.in-addr.arpa@dns.qry.name,0,0,0,0,0,1,1
r.turn.com@dns.qry.name,0,0,0,0,0,1,1
74.163.35.13.in-addr.arpa@dns.qry.name,0,0,0,0,0,1,1
150.131.122.193.in-addr.arpa@dns.qry.name,0,0,0,0,0,1,1
www.cna.com.tw@dns.qry.name,0,0,0,0,0,1,1
sync.adotmob.com@dns.qry.name,0,0,0,0,0,1,1
match.rundsp.com@dns.qry.name,0,0,0,0,0,1,1
uat-net.technoratimedia.com@dns.qry.name,0,0,0,0,0,1,1
dsp.adfarm1.adition.com@dns.qry.name,0,0,0,0,0,1,1
ums.adtech.com@dns.qry.name,0,0,0,0,0,1,1
158.87.180.205.in-addr.arpa@dns.qry.name,0,0,0,0,0,1,1
118.159.114.85.in-addr.arpa@dns.qry.name,0,0,0,0,0,1,1
223.19.136.150.in-addr.arpa@dns.qry.name,0,0,0,0,0,1,1
0.67.192.34.in-addr.arpa@dns.qry.name,0,0,0,0,0,1,1
148.112.183.185.in-addr.arpa@dns.qry.name,0,0,0,0,0,1,1
119.7.35.13.in-addr.arpa@dns.qry.name,0,0,0,0,0,1,1
45.159.173.69.in-addr.arpa@dns.qry.name,0,0,0,0,0,1,1
174.21.208.54.in-addr.arpa@dns.qry.name,0,0,0,0,0,1,1
63.186.76.52.in-addr.arpa@dns.qry.name,0,0,0,0,0,1,1
150.11.137.98.in-addr.arpa@dns.qry.name,0,0,0,0,0,1,1
encrypted-tbn3.gstatic.com@dns.qry.name,0,0,0,0,0,1,1
encrypted-tbn1.gstatic.com@dns.qry.name,0,0,0,0,0,1,1
251.78.136.18.in-addr.arpa@dns.qry.name,0,0,0,0,0,1,1
v9999.adv.admeme.net@dns.qry.name,0,0,0,0,0,1,1
cs.r-ad.ne.jp@dns.qry.name,0,0,0,0,0,1,1
bypass.ad-stir.com@dns.qry.name,0,0,0,0,0,1,1
sync.dsp.reemo-ad.jp@dns.qry.name,0,0,0,0,0,1,1
68.217.65.54.in-addr.arpa@dns.qry.name,0,0,0,0,0,1,1
196.124.177.18.in-addr.arpa@dns.qry.name,0,0,0,0,0,1,1
54.208.241.202.in-addr.arpa@dns.qry.name,0,0,0,0,0,1,1
225.47.95.150.in-addr.arpa@dns.qry.name,0,0,0,0,0,1,1
135.182.1.3.in-addr.arpa@dns.qry.name,0,0,0,0,0,1,1
bttrack.com@dns.qry.name,0,0,0,0,0,1,1
config.edge.skype.com@dns.qry.name,0,0,0,0,0,1,1
officehomeblobs.blob.core.windows.net@dns.qry.name,0,0,0,0,0,1,1
153.23.90.40.in-addr.arpa@dns.qry.name,0,0,0,0,0,1,1
da.xboxservices.com@dns.qry.name,0,0,0,0,0,1,1
16.120.116.40.in-addr.arpa@dns.qry.name,0,0,0,0,0,1,1
150.71.155.66.in-addr.arpa@dns.qry.name,0,0,0,0,0,1,1
40.236.10.106.in-addr.arpa@dns.qry.name,0,0,0,0,0,1,1
app.cauly.co.kr@dns.qry.name,0,0,0,0,0,1,1
ds.uncn.jp@dns.qry.name,0,0,0,0,0,1,1
29.60.84.185.in-addr.arpa@dns.qry.name,0,0,0,0,0,1,1
25.230.197.52.in-addr.arpa@dns.qry.name,0,0,0,0,0,1,1
84.83.194.18.in-addr.arpa@dns.qry.name,0,0,0,0,0,1,1
p4-eimvsv6ubraba-e7s2n5dyz6hgexhz-if-v6exp3-v4.metric.gstatic.com@dns.qry.name,0,0,0,0,0,1,1
cs.chocolateplatform.com@dns.qry.name,0,0,0,0,0,1,1
google.dap.fw-ad.jp@dns.qry.name,0,0,0,0,0,1,1
154.50.193.52.in-addr.arpa@dns.qry.name,0,0,0,0,0,1,1
24.115.210.54.in-addr.arpa@dns.qry.name,0,0,0,0,0,1,1
249.109.213.35.in-addr.arpa@dns.qry.name,0,0,0,0,0,1,1
162.122.0.3.in-addr.arpa@dns.qry.name,0,0,0,0,0,1,1
196.172.251.54.in-addr.arpa@dns.qry.name,0,0,0,0,0,1,1
p4-bnilmnyssmpco-s55tx6em2wavov2i-if-v6exp3-v4.metric.gstatic.com@dns.qry.name,0,0,0,0,0,1,1
gdn.socdm.com@dns.qry.name,0,0,0,0,0,1,1
44.215.146.124.in-addr.arpa@dns.qry.name,0,0,0,0,0,1,1
225.186.251.13.in-addr.arpa@dns.qry.name,0,0,0,0,0,1,1
www.infotimes.com.tw@dns.qry.name,0,0,0,0,0,1,1
rtb2-useast.e-volution.ai@dns.qry.name,0,0,0,0,0,1,1
dsp.adkernel.com@dns.qry.name,0,0,0,0,0,1,1
49.133.137.174.in-addr.arpa@dns.qry.name,0,0,0,0,0,1,1
news.cnyes.com@dns.qry.name,0,0,0,0,0,1,1
cimg.cnyes.cool@dns.qry.name,0,0,0,0,0,1,1
16.243.116.104.in-addr.arpa@dns.qry.name,0,0,0,0,0,1,1
cdn.onesignal.com@dns.qry.name,0,0,0,0,0,1,1
20.86.16.104.in-addr.arpa@dns.qry.name,0,0,0,0,0,1,1
88.7.35.13.in-addr.arpa@dns.qry.name,0,0,0,0,0,1,1
52.225.18.104.in-addr.arpa@dns.qry.name,0,0,0,0,0,1,1
139.144.229.192.in-addr.arpa@dns.qry.name,0,0,0,0,0,1,1
player.svc.litv.tv@dns.qry.name,0,0,0,0,0,1,1
login.cnyes.com@dns.qry.name,0,0,0,0,0,1,1
46.122.128.178.in-addr.arpa@dns.qry.name,0,0,0,0,0,1,1
69.163.35.13.in-addr.arpa@dns.qry.name,0,0,0,0,0,1,1
86.163.35.13.in-addr.arpa@dns.qry.name,0,0,0,0,0,1,1
tw.popin.cc@dns.qry.name,0,0,0,0,0,1,1
58.7.35.13.in-addr.arpa@dns.qry.name,0,0,0,0,0,1,1
189.198.63.119.in-addr.arpa@dns.qry.name,0,0,0,0,0,1,1
imasdk.googleapis.com@dns.qry.name,0,0,0,0,0,1,1
2.24.217.172.in-addr.arpa@dns.qry.name,0,0,0,0,0,1,1
89.163.35.13.in-addr.arpa@dns.qry.name,0,0,0,0,0,1,1
inrecsys.popin.cc@dns.qry.name,0,0,0,0,0,1,1
r.popin.cc@dns.qry.name,0,0,0,0,0,1,1
onesignal.com@dns.qry.name,0,0,0,0,0,1,1
8f252d662f7139ade59c38cf4135b241.safeframe.googlesyndication.com@dns.qry.name,0,0,0,0,0,1,1
p-yonder.svc.litv.tv@dns.qry.name,0,0,0,0,0,1,1
t.ssp.hinet.net@dns.qry.name,0,0,0,0,0,1,1
cdn.aralego.net@dns.qry.name,0,0,0,0,0,1,1
52.226.18.104.in-addr.arpa@dns.qry.name,0,0,0,0,0,1,1
188.198.63.119.in-addr.arpa@dns.qry.name,0,0,0,0,0,1,1
181.129.199.52.in-addr.arpa@dns.qry.name,0,0,0,0,0,1,1
143.198.63.119.in-addr.arpa@dns.qry.name,0,0,0,0,0,1,1
172.198.63.119.in-addr.arpa@dns.qry.name,0,0,0,0,0,1,1
106.163.35.13.in-addr.arpa@dns.qry.name,0,0,0,0,0,1,1
136.214.75.203.in-addr.arpa@dns.qry.name,0,0,0,0,0,1,1
103.4.26.104.in-addr.arpa@dns.qry.name,0,0,0,0,0,1,1
11.163.35.13.in-addr.arpa@dns.qry.name,0,0,0,0,0,1,1
cdn.innity.net@dns.qry.name,0,0,0,0,0,1,1
ad-specs.guoshipartners.com@dns.qry.name,0,0,0,0,0,1,1
6.154.71.210.in-addr.arpa@dns.qry.name,0,0,0,0,0,1,1
9.12.68.203.in-addr.arpa@dns.qry.name,0,0,0,0,0,1,1
as.innity.com@dns.qry.name,0,0,0,0,0,1,1
6c432207-53bb-44ed-bbf0-3f8ab564b9e1.t.ssp.hinet.net@dns.qry.name,0,0,0,0,0,1,1
194.183.81.119.in-addr.arpa@dns.qry.name,0,0,0,0,0,1,1
onead.onevision.com.tw@dns.qry.name,0,0,0,0,0,1,1
optimize.innity.com@dns.qry.name,0,0,0,0,0,1,1
21.245.65.40.in-addr.arpa@dns.qry.name,0,0,0,0,0,1,1
201.183.81.119.in-addr.arpa@dns.qry.name,0,0,0,0,0,1,1
120.69.137.79.in-addr.arpa@dns.qry.name,0,0,0,0,0,1,1
23debf4f3599fc5539eec6d97a7746c9.safeframe.googlesyndication.com@dns.qry.name,0,0,0,0,0,1,1
1.251.254.54.in-addr.arpa@dns.qry.name,0,0,0,0,0,1,1
32.111.75.147.in-addr.arpa@dns.qry.name,0,0,0,0,0,1,1
bsw.digitru.st@dns.qry.name,0,0,0,0,0,1,1
s.trvdp.com@dns.qry.name,0,0,0,0,0,1,1
apac-jp-sync.bidswitch.net@dns.qry.name,0,0,0,0,0,1,1
132.82.224.3.in-addr.arpa@dns.qry.name,0,0,0,0,0,1,1
46.215.146.124.in-addr.arpa@dns.qry.name,0,0,0,0,0,1,1
246.120.213.35.in-addr.arpa@dns.qry.name,0,0,0,0,0,1,1
11.128.139.151.in-addr.arpa@dns.qry.name,0,0,0,0,0,1,1
data.ad-score.com@dns.qry.name,0,0,0,0,0,1,1
4.115.211.130.in-addr.arpa@dns.qry.name,0,0,0,0,0,1,1
src.trvdp.com@dns.qry.name,0,0,0,0,0,1,1
cnt597.trvdp.com@dns.qry.name,0,0,0,0,0,1,1
76.100.23.107.in-addr.arpa@dns.qry.name,0,0,0,0,0,1,1
200.43.248.54.in-addr.arpa@dns.qry.name,0,0,0,0,0,1,1
152.76.74.52.in-addr.arpa@dns.qry.name,0,0,0,0,0,1,1
imageaws.popin.cc@dns.qry.name,0,0,0,0,0,1,1
optimized-by.rubiconproject.com@dns.qry.name,0,0,0,0,0,1,1
180.198.63.119.in-addr.arpa@dns.qry.name,0,0,0,0,0,1,1
63.159.173.69.in-addr.arpa@dns.qry.name,0,0,0,0,0,1,1
180.90.43.103.in-addr.arpa@dns.qry.name,0,0,0,0,0,1,1
134.238.169.35.in-addr.arpa@dns.qry.name,0,0,0,0,0,1,1
54.90.43.103.in-addr.arpa@dns.qry.name,0,0,0,0,0,1,1
22.148.221.52.in-addr.arpa@dns.qry.name,0,0,0,0,0,1,1
201.188.44.52.in-addr.arpa@dns.qry.name,0,0,0,0,0,1,1
www.cnyes.com@dns.qry.name,0,0,0,0,0,1,1
img.cnyes.com@dns.qry.name,0,0,0,0,0,1,1
chart.cnyes.com@dns.qry.name,0,0,0,0,0,1,1
blog.cnyes.com@dns.qry.name,0,0,0,0,0,1,1
65.5.28.163.in-addr.arpa@dns.qry.name,0,0,0,0,0,1,1
193.219.71.210.in-addr.arpa@dns.qry.name,0,0,0,0,0,1,1
23.219.71.210.in-addr.arpa@dns.qry.name,0,0,0,0,0,1,1
197.219.71.210.in-addr.arpa@dns.qry.name,0,0,0,0,0,1,1
81.163.35.13.in-addr.arpa@dns.qry.name,0,0,0,0,0,1,1
traderoom.cnyes.com@dns.qry.name,0,0,0,0,0,1,1
so.cnyes.com@dns.qry.name,0,0,0,0,0,1,1
192.219.71.210.in-addr.arpa@dns.qry.name,0,0,0,0,0,1,1
api.prod.cnyes.cool@dns.qry.name,0,0,0,0,0,1,1
graph.facebook.com@dns.qry.name,0,0,0,0,0,1,1
9.7.35.13.in-addr.arpa@dns.qry.name,0,0,0,0,0,1,1
1.87.13.31.in-addr.arpa@dns.qry.name,0,0,0,0,0,1,1
89.7.35.13.in-addr.arpa@dns.qry.name,0,0,0,0,0,1,1
39.163.35.13.in-addr.arpa@dns.qry.name,0,0,0,0,0,1,1
8e6854196587be17ca42ec4dad72c243.safeframe.googlesyndication.com@dns.qry.name,0,0,0,0,0,1,1
imgcache.cnyes.com@dns.qry.name,0,0,0,0,0,1,1
30.219.71.210.in-addr.arpa@dns.qry.name,0,0,0,0,0,1,1
vt.ipinyou.com@dns.qry.name,0,0,0,0,0,1,1
9.247.235.103.in-addr.arpa@dns.qry.name,0,0,0,0,0,1,1
m.one.impact-ad.jp@dns.qry.name,0,0,0,0,0,1,1
stats.ipinyou.com@dns.qry.name,0,0,0,0,0,1,1
153.188.178.54.in-addr.arpa@dns.qry.name,0,0,0,0,0,1,1
39.29.106.39.in-addr.arpa@dns.qry.name,0,0,0,0,0,1,1
223.248.69.52.in-addr.arpa@dns.qry.name,0,0,0,0,0,1,1
65.66.178.116.in-addr.arpa@dns.qry.name,0,0,0,0,0,1,1
72.48.22.104.in-addr.arpa@dns.qry.name,0,0,0,0,0,1,1
images.stockfeel.com.tw@dns.qry.name,0,0,0,0,0,1,1
229.133.16.104.in-addr.arpa@dns.qry.name,0,0,0,0,0,1,1
251.177.183.68.in-addr.arpa@dns.qry.name,0,0,0,0,0,1,1
stockfeel.disqus.com@dns.qry.name,0,0,0,0,0,1,1
stockfeelapi.com@dns.qry.name,0,0,0,0,0,1,1
script.hotjar.com@dns.qry.name,0,0,0,0,0,1,1
83.76.75.13.in-addr.arpa@dns.qry.name,0,0,0,0,0,1,1
134.40.101.151.in-addr.arpa@dns.qry.name,0,0,0,0,0,1,1
46.192.245.157.in-addr.arpa@dns.qry.name,0,0,0,0,0,1,1
vars.hotjar.com@dns.qry.name,0,0,0,0,0,1,1
disqus.com@dns.qry.name,0,0,0,0,0,1,1
c.disquscdn.com@dns.qry.name,0,0,0,0,0,1,1
86.253.230.157.in-addr.arpa@dns.qry.name,0,0,0,0,0,1,1
134.64.101.151.in-addr.arpa@dns.qry.name,0,0,0,0,0,1,1
19.168.18.104.in-addr.arpa@dns.qry.name,0,0,0,0,0,1,1
s.pixanalytics.com@dns.qry.name,0,0,0,0,0,1,1
169.21.80.34.in-addr.arpa@dns.qry.name,0,0,0,0,0,1,1
72.49.22.104.in-addr.arpa@dns.qry.name,0,0,0,0,0,1,1
56.100.104.172.in-addr.arpa@dns.qry.name,0,0,0,0,0,1,1
117.83.76.23.in-addr.arpa@dns.qry.name,0,0,0,0,0,1,1
97.163.35.13.in-addr.arpa@dns.qry.name,0,0,0,0,0,1,1
pixanalytics2.pixnet.net@dns.qry.name,0,0,0,0,0,1,1
pixnet-network-falcon.pixanalytics.com@dns.qry.name,0,0,0,0,0,1,1
240.6.22.104.in-addr.arpa@dns.qry.name,0,0,0,0,0,1,1
static.criteo.net@dns.qry.name,0,0,0,0,0,1,1
a41ad8905cfcae035af23036dc85082c.safeframe.googlesyndication.com@dns.qry.name,0,0,0,0,0,1,1
124.108.23.103.in-addr.arpa@dns.qry.name,0,0,0,0,0,1,1
140.72.161.182.in-addr.arpa@dns.qry.name,0,0,0,0,0,1,1
26.5.26.104.in-addr.arpa@dns.qry.name,0,0,0,0,0,1,1
central.ck-cdn.com@dns.qry.name,0,0,0,0,0,1,1
s.pixfs.net@dns.qry.name,0,0,0,0,0,1,1
libs.pixfs.net@dns.qry.name,0,0,0,0,0,1,1
p4-alaqsgatoqwws-c2k55wodbm55rgvg-if-v6exp3-v4.metric.gstatic.com@dns.qry.name,0,0,0,0,0,1,1
43.56.210.18.in-addr.arpa@dns.qry.name,0,0,0,0,0,1,1
i1.wp.com@dns.qry.name,0,0,0,0,0,1,1
2.77.0.192.in-addr.arpa@dns.qry.name,0,0,0,0,0,1,1
47.224.28.163.in-addr.arpa@dns.qry.name,0,0,0,0,0,1,1
f7f37b3101367dfd82e72b0c4c1f7f70.safeframe.googlesyndication.com@dns.qry.name,0,0,0,0,0,1,1
1.150.104.203.in-addr.arpa@dns.qry.name,0,0,0,0,0,1,1
49.252.220.52.in-addr.arpa@dns.qry.name,0,0,0,0,0,1,1
37.1.228.44.in-addr.arpa@dns.qry.name,0,0,0,0,0,1,1
32e37edf2c1e14f085d6c61bf47937d4.safeframe.googlesyndication.com@dns.qry.name,0,0,0,0,0,1,1
1on1.today@dns.qry.name,0,0,0,0,0,1,1
231.31.82.34.in-addr.arpa@dns.qry.name,0,0,0,0,0,1,1
v0.wordpress.com@dns.qry.name,0,0,0,0,0,1,1
92.7.35.13.in-addr.arpa@dns.qry.name,0,0,0,0,0,1,1
235.42.112.50.in-addr.arpa@dns.qry.name,0,0,0,0,0,1,1
72.7.35.13.in-addr.arpa@dns.qry.name,0,0,0,0,0,1,1
71.129.82.23.in-addr.arpa@dns.qry.name,0,0,0,0,0,1,1
249.134.58.209.in-addr.arpa@dns.qry.name,0,0,0,0,0,1,1
121.100.244.207.in-addr.arpa@dns.qry.name,0,0,0,0,0,1,1
213.32.7.149.in-addr.arpa@dns.qry.name,0,0,0,0,0,1,1
pine-facade.tradingview.com@dns.qry.name,0,0,0,0,0,1,1
167.106.40.52.in-addr.arpa@dns.qry.name,0,0,0,0,0,1,1
62.1.217.52.in-addr.arpa@dns.qry.name,0,0,0,0,0,1,1
86.12.70.54.in-addr.arpa@dns.qry.name,0,0,0,0,0,1,1
b9080a3c006fd96311d0cffe77680042.safeframe.googlesyndication.com@dns.qry.name,0,0,0,0,0,1,1
99.7.35.13.in-addr.arpa@dns.qry.name,0,0,0,0,0,1,1
305a2d7abf56a8fff25ba600d16d2331.safeframe.googlesyndication.com@dns.qry.name,0,0,0,0,0,1,1
6.163.35.13.in-addr.arpa@dns.qry.name,0,0,0,0,0,1,1
6270b7928e89c4545ccbcedd77bf9381.safeframe.googlesyndication.com@dns.qry.name,0,0,0,0,0,1,1
67.129.82.23.in-addr.arpa@dns.qry.name,0,0,0,0,0,1,1
97eecb29a50318c8f0e3247aa9c3adaa.safeframe.googlesyndication.com@dns.qry.name,0,0,0,0,0,1,1
37.163.35.13.in-addr.arpa@dns.qry.name,0,0,0,0,0,1,1
61.163.35.13.in-addr.arpa@dns.qry.name,0,0,0,0,0,1,1
156.125.177.108.in-addr.arpa@dns.qry.name,0,0,0,0,0,1,1
fed5d8cc70f11f6945688ce9bfe396bf.safeframe.googlesyndication.com@dns.qry.name,0,0,0,0,0,1,1
9c0035cf59b9ea57ccff10c86dc49da6.safeframe.googlesyndication.com@dns.qry.name,0,0,0,0,0,1,1
78.163.35.13.in-addr.arpa@dns.qry.name,0,0,0,0,0,1,1
www.blogger.com@dns.qry.name,0,0,0,0,0,1,1
a.breaktime.com.tw@dns.qry.name,0,0,0,0,0,1,1
catalyst.breaktime.com.tw@dns.qry.name,0,0,0,0,0,1,1
www.books.com.tw@dns.qry.name,0,0,0,0,0,1,1
1.bp.blogspot.com@dns.qry.name,0,0,0,0,0,1,1
lh3.googleusercontent.com@dns.qry.name,0,0,0,0,0,1,1
lh6.googleusercontent.com@dns.qry.name,0,0,0,0,0,1,1
115.160.217.172.in-addr.arpa@dns.qry.name,0,0,0,0,0,1,1
58.70.201.35.in-addr.arpa@dns.qry.name,0,0,0,0,0,1,1
41.200.58.216.in-addr.arpa@dns.qry.name,0,0,0,0,0,1,1
alliance.breaktime.com.tw@dns.qry.name,0,0,0,0,0,1,1
www.blogblog.com@dns.qry.name,0,0,0,0,0,1,1
30.250.196.113.in-addr.arpa@dns.qry.name,0,0,0,0,0,1,1
40.138.244.35.in-addr.arpa@dns.qry.name,0,0,0,0,0,1,1
dl.getdropbox.com@dns.qry.name,0,0,0,0,0,1,1
article.adhacker.online@dns.qry.name,0,0,0,0,0,1,1
power.adhacker.online@dns.qry.name,0,0,0,0,0,1,1
2.82.125.162.in-addr.arpa@dns.qry.name,0,0,0,0,0,1,1
89.84.98.34.in-addr.arpa@dns.qry.name,0,0,0,0,0,1,1
dl.dropbox.com@dns.qry.name,0,0,0,0,0,1,1
dl.dropboxusercontent.com@dns.qry.name,0,0,0,0,0,1,1
6.82.125.162.in-addr.arpa@dns.qry.name,0,0,0,0,0,1,1
www.dropbox.com@dns.qry.name,0,0,0,0,0,1,1
1.82.125.162.in-addr.arpa@dns.qry.name,0,0,0,0,0,1,1
248.134.58.209.in-addr.arpa@dns.qry.name,0,0,0,0,0,1,1
external-tpe1-1.xx.fbcdn.net@dns.qry.name,0,0,0,0,0,1,1
scontent.xx.fbcdn.net@dns.qry.name,0,0,0,0,0,1,1
115.100.244.207.in-addr.arpa@dns.qry.name,0,0,0,0,0,1,1
www.ptt.cc@dns.qry.name,0,0,0,0,0,1,1
images.ptt.cc@dns.qry.name,0,0,0,0,0,1,1
s.imgur.com@dns.qry.name,0,0,0,0,0,1,1
163.6.31.104.in-addr.arpa@dns.qry.name,0,0,0,0,0,1,1
193.24.101.151.in-addr.arpa@dns.qry.name,0,0,0,0,0,1,1
imgur.com@dns.qry.name,0,0,0,0,0,1,1
193.40.101.151.in-addr.arpa@dns.qry.name,0,0,0,0,0,1,1
secure.quantserve.com@dns.qry.name,0,0,0,0,0,1,1
rules.quantcount.com@dns.qry.name,0,0,0,0,0,1,1
217.10.229.103.in-addr.arpa@dns.qry.name,0,0,0,0,0,1,1
www.etoro.com@dns.qry.name,0,0,0,0,0,1,1
59.194.154.107.in-addr.arpa@dns.qry.name,0,0,0,0,0,1,1
static.ads-twitter.com@dns.qry.name,0,0,0,0,0,1,1
6440710.fls.doubleclick.net@dns.qry.name,0,0,0,0,0,1,1
9944765.fls.doubleclick.net@dns.qry.name,0,0,0,0,0,1,1
210.61.94.104.in-addr.arpa@dns.qry.name,0,0,0,0,0,1,1
t.co@dns.qry.name,0,0,0,0,0,1,1
etorologsapi.etoro.com@dns.qry.name,0,0,0,0,0,1,1
253.223.69.40.in-addr.arpa@dns.qry.name,0,0,0,0,0,1,1
cx.atdmt.com@dns.qry.name,0,0,0,0,0,1,1
push-lightstreamer.cloud.etoro.com@dns.qry.name,0,0,0,0,0,1,1
cdn.mxpnl.com@dns.qry.name,0,0,0,0,0,1,1
etoro-px.s3-eu-west-1.amazonaws.com@dns.qry.name,0,0,0,0,0,1,1
23.235.186.35.in-addr.arpa@dns.qry.name,0,0,0,0,0,1,1
api-js.mixpanel.com@dns.qry.name,0,0,0,0,0,1,1
amplify.outbrain.com@dns.qry.name,0,0,0,0,0,1,1
t.dcmn.io@dns.qry.name,0,0,0,0,0,1,1
tr.outbrain.com@dns.qry.name,0,0,0,0,0,1,1
amplifypixel.outbrain.com@dns.qry.name,0,0,0,0,0,1,1
79.44.178.52.in-addr.arpa@dns.qry.name,0,0,0,0,0,1,1
183.34.211.130.in-addr.arpa@dns.qry.name,0,0,0,0,0,1,1
96.102.218.52.in-addr.arpa@dns.qry.name,0,0,0,0,0,1,1
159.225.28.163.in-addr.arpa@dns.qry.name,0,0,0,0,0,1,1
154.54.154.54.in-addr.arpa@dns.qry.name,0,0,0,0,0,1,1
127.223.225.66.in-addr.arpa@dns.qry.name,0,0,0,0,0,1,1
31.223.225.66.in-addr.arpa@dns.qry.name,0,0,0,0,0,1,1
sdk.dcmn.io@dns.qry.name,0,0,0,0,0,1,1
js.adsrvr.org@dns.qry.name,0,0,0,0,0,1,1
c1.rfihub.net@dns.qry.name,0,0,0,0,0,1,1
insight.adsrvr.org@dns.qry.name,0,0,0,0,0,1,1
analytics.twitter.com@dns.qry.name,0,0,0,0,0,1,1
20.162.35.13.in-addr.arpa@dns.qry.name,0,0,0,0,0,1,1
109.92.76.23.in-addr.arpa@dns.qry.name,0,0,0,0,0,1,1
57.73.227.13.in-addr.arpa@dns.qry.name,0,0,0,0,0,1,1
cdn.etorostatic.com@dns.qry.name,0,0,0,0,0,1,1
11.8.161.119.in-addr.arpa@dns.qry.name,0,0,0,0,0,1,1
128.71.8.198.in-addr.arpa@dns.qry.name,0,0,0,0,0,1,1
20815068p.rfihub.com@dns.qry.name,0,0,0,0,0,1,1
128.187.210.205.in-addr.arpa@dns.qry.name,0,0,0,0,0,1,1
141.27.217.172.in-addr.arpa@dns.qry.name,0,0,0,0,0,1,1
stags.bluekai.com@dns.qry.name,0,0,0,0,0,1,1
x.dlx.addthis.com@dns.qry.name,0,0,0,0,0,1,1
beacon.krxd.net@dns.qry.name,0,0,0,0,0,1,1
bs.serving-sys.com@dns.qry.name,0,0,0,0,0,1,1
live.rezync.com@dns.qry.name,0,0,0,0,0,1,1
bpi.rtactivate.com@dns.qry.name,0,0,0,0,0,1,1
229.254.178.54.in-addr.arpa@dns.qry.name,0,0,0,0,0,1,1
55.90.43.103.in-addr.arpa@dns.qry.name,0,0,0,0,0,1,1
190.163.221.52.in-addr.arpa@dns.qry.name,0,0,0,0,0,1,1
99.208.232.18.in-addr.arpa@dns.qry.name,0,0,0,0,0,1,1
60.209.199.52.in-addr.arpa@dns.qry.name,0,0,0,0,0,1,1
125.203.177.202.in-addr.arpa@dns.qry.name,0,0,0,0,0,1,1
213.173.203.54.in-addr.arpa@dns.qry.name,0,0,0,0,0,1,1
170.216.223.34.in-addr.arpa@dns.qry.name,0,0,0,0,0,1,1
47.120.20.52.in-addr.arpa@dns.qry.name,0,0,0,0,0,1,1
248.208.225.3.in-addr.arpa@dns.qry.name,0,0,0,0,0,1,1
encrypted-vtbn3.gstatic.com@dns.qry.name,0,0,0,0,0,1,1
encrypted-vtbn2.gstatic.com@dns.qry.name,0,0,0,0,0,1,1
186.77.216.34.in-addr.arpa@dns.qry.name,0,0,0,0,0,1,1
rum-static.pingdom.net@dns.qry.name,0,0,0,0,0,1,1
239.21.20.104.in-addr.arpa@dns.qry.name,0,0,0,0,0,1,1
231.134.58.209.in-addr.arpa@dns.qry.name,0,0,0,0,0,1,1
f6f58f14850ba4c992ff3ac95f7ffb16.safeframe.googlesyndication.com@dns.qry.name,0,0,0,0,0,1,1
rum-collector-2.pingdom.net@dns.qry.name,0,0,0,0,0,1,1
129.128.250.34.in-addr.arpa@dns.qry.name,0,0,0,0,0,1,1
433b6936b6c464dd43868fc88d66a07f.safeframe.googlesyndication.com@dns.qry.name,0,0,0,0,0,1,1
a381affb6165ca7e8205944fc0cc0972.safeframe.googlesyndication.com@dns.qry.name,0,0,0,0,0,1,1
e938e82cf7c6af3f01c84e5b943e48e4.safeframe.googlesyndication.com@dns.qry.name,0,0,0,0,0,1,1
s3-symbol-logo.tradingview.com@dns.qry.name,0,0,0,0,0,1,1
111.163.35.13.in-addr.arpa@dns.qry.name,0,0,0,0,0,1,1
b1901c311a7773179d29a9bcfbe98602.safeframe.googlesyndication.com@dns.qry.name,0,0,0,0,0,1,1
a4980.casalemedia.com@dns.qry.name,0,0,0,0,0,1,1
13.5.199.152.in-addr.arpa@dns.qry.name,0,0,0,0,0,1,1
178.188.76.52.in-addr.arpa@dns.qry.name,0,0,0,0,0,1,1
79.125.200.54.in-addr.arpa@dns.qry.name,0,0,0,0,0,1,1
154.204.125.74.in-addr.arpa@dns.qry.name,0,0,0,0,0,1,1
goodinfo.tw@dns.qry.name,0,0,0,0,0,1,1
149.203.250.60.in-addr.arpa@dns.qry.name,0,0,0,0,0,1,1
calendar.google.com@dns.qry.name,0,0,0,0,0,1,1
193.196.101.151.in-addr.arpa@dns.qry.name,0,0,0,0,0,1,1
clients6.google.com@dns.qry.name,0,0,0,0,0,1,1
600cdf45fefcd69cfdb01f64b8f635cb.safeframe.googlesyndication.com@dns.qry.name,0,0,0,0,0,1,1
img.youtube.com@dns.qry.name,0,0,0,0,0,1,1
096feccfdb1ddf62258ae8c6364d3f5e.safeframe.googlesyndication.com@dns.qry.name,0,0,0,0,0,1,1
d27c577f12b226515e0767770f7d06a2.safeframe.googlesyndication.com@dns.qry.name,0,0,0,0,0,1,1
ea94dc4c6470624d23f1062ed645552d.safeframe.googlesyndication.com@dns.qry.name,0,0,0,0,0,1,1
2605959fe194efa987995ecbb3bcac1d.safeframe.googlesyndication.com@dns.qry.name,0,0,0,0,0,1,1
i0.wp.com@dns.qry.name,0,0,0,0,0,1,1
240.7.22.104.in-addr.arpa@dns.qry.name,0,0,0,0,0,1,1
248d66ea2359e9a7de8fe0355915b5ee.safeframe.googlesyndication.com@dns.qry.name,0,0,0,0,0,1,1
code.createjs.com@dns.qry.name,0,0,0,0,0,1,1
87.174.84.54.in-addr.arpa@dns.qry.name,0,0,0,0,0,1,1
191.224.28.163.in-addr.arpa@dns.qry.name,0,0,0,0,0,1,1
67.64.167.52.in-addr.arpa@dns.qry.name,0,0,0,0,0,1,1
100.204.125.74.in-addr.arpa@dns.qry.name,0,0,0,0,0,1,1
155.204.125.74.in-addr.arpa@dns.qry.name,0,0,0,0,0,1,1
pgw.udn.com.tw@dns.qry.name,0,0,0,0,0,1,1
195.224.28.163.in-addr.arpa@dns.qry.name,0,0,0,0,0,1,1
12.8.161.119.in-addr.arpa@dns.qry.name,0,0,0,0,0,1,1
174.186.169.54.in-addr.arpa@dns.qry.name,0,0,0,0,0,1,1
ads.yieldmo.com@dns.qry.name,0,0,0,0,0,1,1
61.150.74.52.in-addr.arpa@dns.qry.name,0,0,0,0,0,1,1
ap.lijit.com@dns.qry.name,0,0,0,0,0,1,1
152.163.191.209.in-addr.arpa@dns.qry.name,0,0,0,0,0,1,1
segments-s.msedge.net@dns.qry.name,0,1,0,0,0,0,1
254.54.107.13.in-addr.arpa@dns.qry.name,0,1,0,0,0,0,1
54.200.58.216.in-addr.arpa@dns.qry.name,0,1,0,0,0,0,1
s2.googleusercontent.com@dns.qry.name,0,1,0,0,0,0,1
116.32.239.216.in-addr.arpa@dns.qry.name,0,1,0,0,0,0,1
67.2.217.172.in-addr.arpa@dns.qry.name,0,1,0,0,0,0,1
28.35.18.104.in-addr.arpa@dns.qry.name,0,1,0,0,0,0,1
154.203.125.74.in-addr.arpa@dns.qry.name,0,1,0,0,0,0,1
bam.nr-data.net@dns.qry.name,0,1,0,0,0,0,1
202.64.89.47.in-addr.arpa@dns.qry.name,0,1,0,0,0,0,1
110.2.101.151.in-addr.arpa@dns.qry.name,0,1,0,0,0,0,1
28.34.18.104.in-addr.arpa@dns.qry.name,0,1,0,0,0,0,1
18.242.247.162.in-addr.arpa@dns.qry.name,0,1,0,0,0,0,1
s0.wp.com@dns.qry.name,0,1,0,0,0,0,1
0.gravatar.com@dns.qry.name,0,1,0,0,0,0,1
24.78.0.192.in-addr.arpa@dns.qry.name,0,1,0,0,0,0,1
32.77.0.192.in-addr.arpa@dns.qry.name,0,1,0,0,0,0,1
26.72.0.192.in-addr.arpa@dns.qry.name,0,1,0,0,0,0,1
131.182.248.104.in-addr.arpa@dns.qry.name,0,1,0,0,0,0,1
s3-us-west-1.amazonaws.com@dns.qry.name,0,1,0,0,0,0,1
88.120.219.52.in-addr.arpa@dns.qry.name,0,1,0,0,0,0,1
r5---sn-vgqsrn76.googlevideo.com@dns.qry.name,0,1,0,0,0,0,1
86.160.217.172.in-addr.arpa@dns.qry.name,0,1,0,0,0,0,1
235.159.125.74.in-addr.arpa@dns.qry.name,0,1,0,0,0,0,1
4.24.217.172.in-addr.arpa@dns.qry.name,0,1,0,0,0,0,1
r2---sn-p5qlsnz6.googlevideo.com@dns.qry.name,0,1,0,0,0,0,1
104.7.194.173.in-addr.arpa@dns.qry.name,0,1,0,0,0,0,1
101.125.177.108.in-addr.arpa@dns.qry.name,0,1,0,0,0,0,1
121.38.195.152.in-addr.arpa@dns.qry.name,0,1,0,0,0,0,1
157.203.125.74.in-addr.arpa@dns.qry.name,0,1,0,0,0,0,1
22.24.217.172.in-addr.arpa@dns.qry.name,0,1,0,0,0,0,1
233.64.89.47.in-addr.arpa@dns.qry.name,0,1,0,0,0,0,1
onlinejudge.org@dns.qry.name,0,1,0,0,0,0,1
www.udebug.com@dns.qry.name,0,1,0,0,0,0,1
www.paypalobjects.com@dns.qry.name,0,1,0,0,0,0,1
133.2.101.151.in-addr.arpa@dns.qry.name,0,1,0,0,0,0,1
214.12.217.52.in-addr.arpa@dns.qry.name,0,1,0,0,0,0,1
72.160.217.172.in-addr.arpa@dns.qry.name,0,1,0,0,0,0,1
149.129.254.52.in-addr.arpa@dns.qry.name,0,1,0,0,0,0,1
31.107.35.52.in-addr.arpa@dns.qry.name,0,1,0,0,0,0,1
134.1.93.104.in-addr.arpa@dns.qry.name,0,1,0,0,0,0,1
25.163.35.13.in-addr.arpa@dns.qry.name,0,1,0,0,0,0,1
43.215.146.124.in-addr.arpa@dns.qry.name,0,1,0,0,0,0,1
227.15.217.172.in-addr.arpa@dns.qry.name,0,1,0,0,0,0,1
uhunt.felix-halim.net@dns.qry.name,0,1,0,0,0,0,1
147.27.217.172.in-addr.arpa@dns.qry.name,0,1,0,0,0,0,1
69.217.255.51.in-addr.arpa@dns.qry.name,0,1,0,0,0,0,1
static.getclicky.com@dns.qry.name,0,1,0,0,0,0,1
in.getclicky.com@dns.qry.name,0,1,0,0,0,0,1
29.221.16.104.in-addr.arpa@dns.qry.name,0,1,0,0,0,0,1
150.107.216.52.in-addr.arpa@dns.qry.name,0,1,0,0,0,0,1
72.144.139.18.in-addr.arpa@dns.qry.name,0,1,0,0,0,0,1
160.155.24.100.in-addr.arpa@dns.qry.name,0,1,0,0,0,0,1
google.com.tw@dns.qry.name,0,1,0,0,0,0,1
146.83.163.52.in-addr.arpa@dns.qry.name,0,1,0,0,0,0,1
b5e4d6c6719c68a1abf3a17c01dab128.safeframe.googlesyndication.com@dns.qry.name,0,1,0,0,0,0,1
adssettings.google.com@dns.qry.name,0,1,0,0,0,0,1
35.10.217.172.in-addr.arpa@dns.qry.name,0,1,0,0,0,0,1
thispointer.com@dns.qry.name,0,1,0,0,0,0,1
live.sekindo.com@dns.qry.name,0,1,0,0,0,0,1
60.39.144.162.in-addr.arpa@dns.qry.name,0,1,0,0,0,0,1
61.9.216.52.in-addr.arpa@dns.qry.name,0,1,0,0,0,0,1
74.50.244.199.in-addr.arpa@dns.qry.name,0,1,0,0,0,0,1
184.164.35.13.in-addr.arpa@dns.qry.name,0,1,0,0,0,0,1
c.amazon-adsystem.com@dns.qry.name,0,1,0,0,0,0,1
video.sekindo.com@dns.qry.name,0,1,0,0,0,0,1
csync.loopme.me@dns.qry.name,0,1,0,0,0,0,1
mb9eo-7w62j.ads.tremorhub.com@dns.qry.name,0,1,0,0,0,0,1
81.3.35.13.in-addr.arpa@dns.qry.name,0,1,0,0,0,0,1
133.98.228.13.in-addr.arpa@dns.qry.name,0,1,0,0,0,0,1
194.101.18.104.in-addr.arpa@dns.qry.name,0,1,0,0,0,0,1
180.206.229.103.in-addr.arpa@dns.qry.name,0,1,0,0,0,0,1
203.80.224.3.in-addr.arpa@dns.qry.name,0,1,0,0,0,0,1
20.178.230.222.in-addr.arpa@dns.qry.name,0,1,0,0,0,0,1
241.187.213.61.in-addr.arpa@dns.qry.name,0,1,0,0,0,0,1
200.99.81.119.in-addr.arpa@dns.qry.name,0,1,0,0,0,0,1
106.230.136.18.in-addr.arpa@dns.qry.name,0,1,0,0,0,0,1
id5-sync.com@dns.qry.name,0,1,0,0,0,0,1
84.147.22.165.in-addr.arpa@dns.qry.name,0,1,0,0,0,0,1
193.244.178.107.in-addr.arpa@dns.qry.name,0,1,0,0,0,0,1
38.200.58.216.in-addr.arpa@dns.qry.name,0,1,0,0,0,0,1
97.251.182.18.in-addr.arpa@dns.qry.name,0,1,0,0,0,0,1
42.52.178.18.in-addr.arpa@dns.qry.name,0,1,0,0,0,0,1
166.109.36.54.in-addr.arpa@dns.qry.name,0,1,0,0,0,0,1
211.168.76.52.in-addr.arpa@dns.qry.name,0,1,0,0,0,0,1
237.192.254.54.in-addr.arpa@dns.qry.name,0,1,0,0,0,0,1
255.197.79.52.in-addr.arpa@dns.qry.name,0,1,0,0,0,0,1
eus.rubiconproject.com@dns.qry.name,0,1,0,0,0,0,1
101.183.64.54.in-addr.arpa@dns.qry.name,0,1,0,0,0,0,1
cookiex.ngd.yahoo.com@dns.qry.name,0,1,0,0,0,0,1
159968159362100ad97a0d686834d03d.safeframe.googlesyndication.com@dns.qry.name,0,1,0,0,0,0,1
r3---sn-9gv7lnez.googlevideo.com@dns.qry.name,0,1,0,0,0,0,1
72.1.125.74.in-addr.arpa@dns.qry.name,0,1,0,0,0,0,1
101.169.216.52.in-addr.arpa@dns.qry.name,0,1,0,0,0,0,1
14.199.240.157.in-addr.arpa@dns.qry.name,0,1,0,0,0,0,1
tps20805.doubleverify.com@dns.qry.name,0,1,0,0,0,0,1
60.157.64.54.in-addr.arpa@dns.qry.name,0,1,0,0,0,0,1
bk.r-ad.ne.jp@dns.qry.name,0,1,0,0,0,0,1
tps20810.doubleverify.com@dns.qry.name,0,1,0,0,0,0,1
43.86.44.20.in-addr.arpa@dns.qry.name,0,1,0,0,0,0,1
205.153.63.168.in-addr.arpa@dns.qry.name,0,1,0,0,0,0,1
139.125.177.108.in-addr.arpa@dns.qry.name,0,1,0,0,0,0,1
206.78.216.52.in-addr.arpa@dns.qry.name,0,1,0,0,0,0,1
tps20814.doubleverify.com@dns.qry.name,0,1,0,0,0,0,1
94.26.72.54.in-addr.arpa@dns.qry.name,0,1,0,0,0,0,1
94.69.125.74.in-addr.arpa@dns.qry.name,0,1,0,0,0,0,1
r5---sn-5njj-u2xl.googlevideo.com@dns.qry.name,0,1,0,0,0,0,1
208.173.169.202.in-addr.arpa@dns.qry.name,0,1,0,0,0,0,1
150.27.217.172.in-addr.arpa@dns.qry.name,0,1,0,0,0,0,1
update.libreoffice.org@dns.qry.name,1,0,0,0,0,0,1
201.68.238.89.in-addr.arpa@dns.qry.name,1,0,0,0,0,0,1
251.0.0.224.in-addr.arpa@dns.qry.name,1,0,0,0,0,0,1
b.f.0.0.0.0.0.0.0.0.0.0.0.0.0.0.0.0.0.0.0.0.0.0.0.0.0.0.2.0.f.f.ip6.arpa@dns.qry.name,1,0,0,0,0,0,1
250.255.255.239.in-addr.arpa@dns.qry.name,1,0,0,0,0,0,1
117.179.74.13.in-addr.arpa@dns.qry.name,1,0,0,0,0,0,1
pti.store.microsoft.com@dns.qry.name,1,0,0,0,0,0,1
10.246.107.13.in-addr.arpa@dns.qry.name,1,0,0,0,0,0,1
70.128.114.52.in-addr.arpa@dns.qry.name,1,0,0,0,0,0,1
109.93.68.13.in-addr.arpa@dns.qry.name,1,0,0,0,0,0,1
35.200.58.216.in-addr.arpa@dns.qry.name,1,0,0,0,0,0,1
78.75.114.52.in-addr.arpa@dns.qry.name,1,0,0,0,0,0,1
60.178.27.104.in-addr.arpa@dns.qry.name,1,0,0,0,0,0,1
84.89.248.52.in-addr.arpa@dns.qry.name,1,0,0,0,0,0,1
2.34.164.54.in-addr.arpa@dns.qry.name,1,0,0,0,0,0,1
216.140.91.138.in-addr.arpa@dns.qry.name,1,0,0,0,0,0,1
emdl.ws.microsoft.com@dns.qry.name,1,0,0,0,0,0,1
79.23.175.52.in-addr.arpa@dns.qry.name,1,0,0,0,0,0,1
26.5.28.163.in-addr.arpa@dns.qry.name,1,0,0,0,0,0,1
neutralx0.net@dns.qry.name,1,0,0,0,0,0,1
25.237.229.192.in-addr.arpa@dns.qry.name,1,0,0,0,0,0,1
215.10.229.103.in-addr.arpa@dns.qry.name,1,0,0,0,0,0,1
38.85.89.52.in-addr.arpa@dns.qry.name,1,0,0,0,0,0,1
195.30.217.172.in-addr.arpa@dns.qry.name,1,0,0,0,0,0,1
32.159.114.52.in-addr.arpa@dns.qry.name,1,0,0,0,0,0,1
4.100.168.192.in-addr.arpa@dns.qry.name,1,0,0,0,0,0,1
array701.prod.do.dsp.mp.microsoft.com@dns.qry.name,1,0,0,0,0,0,1
1.1.1.1.in-addr.arpa@dns.qry.name,1,0,0,0,0,0,1
242.66.53.23.in-addr.arpa@dns.qry.name,1,0,0,0,0,0,1
client.wns.windows.com@dns.qry.name,1,0,0,0,0,0,1
30.90.190.35.in-addr.arpa@dns.qry.name,1,0,0,0,0,0,1
63.100.96.34.in-addr.arpa@dns.qry.name,1,0,0,0,0,0,1
155.143.48.23.in-addr.arpa@dns.qry.name,1,0,0,0,0,0,1
94.196.125.74.in-addr.arpa@dns.qry.name,1,0,0,0,0,0,1
85.37.35.13.in-addr.arpa@dns.qry.name,1,0,0,0,0,0,1
81.81.69.203.in-addr.arpa@dns.qry.name,1,0,0,0,0,0,1
51.81.69.203.in-addr.arpa@dns.qry.name,1,0,0,0,0,0,1
41.116.67.13.in-addr.arpa@dns.qry.name,1,0,0,0,0,0,1
200.21.107.13.in-addr.arpa@dns.qry.name,1,0,0,0,0,0,1
221.62.220.61.in-addr.arpa@dns.qry.name,1,0,0,0,0,0,1
2.66.101.151.in-addr.arpa@dns.qry.name,1,0,0,0,0,0,1
50.200.58.216.in-addr.arpa@dns.qry.name,1,0,0,0,0,0,1
p4-cfcoofgaflpg6-ab3g5a65g24qv6om-871272-s1-v6exp3-v4.metric.gstatic.com@dns.qry.name,1,0,0,0,0,0,1
markets.books.microsoft.com@dns.qry.name,1,0,0,0,0,0,1
177.130.48.23.in-addr.arpa@dns.qry.name,1,0,0,0,0,0,1
ssp.adriver.ru@dns.qry.name,0,0,0,0,0,1,1
130.55.94.104.in-addr.arpa@dns.qry.name,1,0,0,0,0,0,1
107.26.73.13.in-addr.arpa@dns.qry.name,1,0,0,0,0,0,1
60.179.27.104.in-addr.arpa@dns.qry.name,1,0,0,0,0,0,1
138.204.125.74.in-addr.arpa@dns.qry.name,1,0,0,0,0,0,1
48.215.146.124.in-addr.arpa@dns.qry.name,1,0,0,0,0,0,1
122.109.213.54.in-addr.arpa@dns.qry.name,1,0,0,0,0,0,1
51.65.74.52.in-addr.arpa@dns.qry.name,1,0,0,0,0,0,1
131.26.217.172.in-addr.arpa@dns.qry.name,1,0,0,0,0,0,1
60.207.229.52.in-addr.arpa@dns.qry.name,1,0,0,0,0,0,1
94.177.233.64.in-addr.arpa@dns.qry.name,1,0,0,0,0,0,1
184.78.188.20.in-addr.arpa@dns.qry.name,1,0,0,0,0,0,1
35.76.114.52.in-addr.arpa@dns.qry.name,1,0,0,0,0,0,1
2.139.232.191.in-addr.arpa@dns.qry.name,1,0,0,0,0,0,1
200.75.67.13.in-addr.arpa@dns.qry.name,1,0,0,0,0,0,1
27.206.229.103.in-addr.arpa@dns.qry.name,1,0,0,0,0,0,1
p4-g4s5re2oytiqa-g3d5gtlkmqlc3lcv-if-v6exp3-v4.metric.gstatic.com@dns.qry.name,1,0,0,0,0,0,1
p4-gqn4vngiypybc-sgzk36lgfdez2jbt-if-v6exp3-v4.metric.gstatic.com@dns.qry.name,1,0,0,0,0,0,1
p4-g4s5re2oytiqa-g3d5gtlkmqlc3lcv-366674-i1-v6exp3.ds.metric.gstatic.com@dns.qry.name,1,0,0,0,0,0,1
p4-g4s5re2oytiqa-g3d5gtlkmqlc3lcv-366674-i2-v6exp3.v4.metric.gstatic.com@dns.qry.name,1,0,0,0,0,0,1
242.200.58.216.in-addr.arpa@dns.qry.name,1,0,0,0,0,0,1
82.160.217.172.in-addr.arpa@dns.qry.name,1,0,0,0,0,0,1
p4-gqn4vngiypybc-sgzk36lgfdez2jbt-689166-i1-v6exp3.ds.metric.gstatic.com@dns.qry.name,1,0,0,0,0,0,1
p4-gqn4vngiypybc-sgzk36lgfdez2jbt-689166-i2-v6exp3.v4.metric.gstatic.com@dns.qry.name,1,0,0,0,0,0,1
18.24.217.172.in-addr.arpa@dns.qry.name,1,0,0,0,0,0,1
p4-g4s5re2oytiqa-g3d5gtlkmqlc3lcv-366674-s1-v6exp3-v4.metric.gstatic.com@dns.qry.name,1,0,0,0,0,0,1
p4-gqn4vngiypybc-sgzk36lgfdez2jbt-689166-s1-v6exp3-v4.metric.gstatic.com@dns.qry.name,1,0,0,0,0,0,1
tags.bluekai.com@dns.qry.name,0,0,0,1,0,1,2
smartscreen-prod.microsoft.com@dns.qry.name,1,0,0,1,0,0,2
203.197.79.204.in-addr.arpa@dns.qry.name,1,0,0,1,0,0,2
9.5.28.163.in-addr.arpa@dns.qry.name,1,0,0,1,0,0,2
68.160.217.172.in-addr.arpa@dns.qry.name,1,0,0,1,0,0,2
play.google.com@dns.qry.name,0,0,0,1,1,0,2
14.24.217.172.in-addr.arpa@dns.qry.name,0,0,1,1,0,0,2
7.111.143.51.in-addr.arpa@dns.qry.name,0,1,0,1,0,0,2
238.200.58.216.in-addr.arpa@dns.qry.name,0,0,0,1,0,1,2
i9.ytimg.com@dns.qry.name,0,1,0,1,0,0,2
70.160.217.172.in-addr.arpa@dns.qry.name,0,0,0,1,0,1,2
14.14.113.140.in-addr.arpa@dns.qry.name,0,0,1,1,0,0,2
eaaa1lbip.eastasia.cloudapp.azure.com@dns.qry.name,0,0,0,1,1,0,2
l-ring.msedge.net@dns.qry.name,0,0,0,1,1,0,2
evoke-windowsservices-tas.msedge.net@dns.qry.name,0,0,0,1,0,1,2
240.232.18.117.in-addr.arpa@dns.qry.name,1,0,0,1,0,0,2
66.160.217.172.in-addr.arpa@dns.qry.name,1,0,0,1,0,0,2
134.27.217.172.in-addr.arpa@dns.qry.name,0,0,0,1,0,1,2
14.37.35.13.in-addr.arpa@dns.qry.name,0,0,0,1,0,1,2
94.226.28.163.in-addr.arpa@dns.qry.name,0,1,0,1,0,0,2
126.225.28.163.in-addr.arpa@dns.qry.name,0,0,0,1,0,1,2
d31qbv1cthcecs.cloudfront.net@dns.qry.name,0,0,0,1,0,1,2
tps20802.doubleverify.com@dns.qry.name,0,1,0,1,0,0,2
ads.stickyadstv.com@dns.qry.name,0,1,0,1,0,0,2
80.5.28.163.in-addr.arpa@dns.qry.name,0,0,0,1,1,0,2
rec.scupio.com@dns.qry.name,0,0,0,1,0,1,2
code.jquery.com@dns.qry.name,0,0,0,1,0,1,2
tps805.doubleverify.com@dns.qry.name,0,1,0,1,0,0,2
img.scupio.com@dns.qry.name,0,0,0,1,0,1,2
tps800.doubleverify.com@dns.qry.name,0,1,0,1,0,0,2
55.125.99.23.in-addr.arpa@dns.qry.name,0,0,0,1,0,0,1
206.23.90.40.in-addr.arpa@dns.qry.name,0,0,0,1,0,0,1
34.76.114.52.in-addr.arpa@dns.qry.name,0,0,0,1,0,0,1
iecvlist.microsoft.com@dns.qry.name,0,0,0,1,0,0,1
200.232.18.117.in-addr.arpa@dns.qry.name,0,0,0,1,0,0,1
fb3c61c751d648787487dca9283aabbc.clo.footprintdns.com@dns.qry.name,0,0,0,1,0,0,1
161.156.231.52.in-addr.arpa@dns.qry.name,0,0,0,1,0,0,1
fun8.us@dns.qry.name,0,0,0,1,0,0,1
122.16.216.104.in-addr.arpa@dns.qry.name,0,0,0,1,0,0,1
222.51.35.45.in-addr.arpa@dns.qry.name,0,0,0,1,0,0,1
246.70.135.220.in-addr.arpa@dns.qry.name,0,0,0,1,0,0,1
36.249.124.192.in-addr.arpa@dns.qry.name,0,0,0,1,0,0,1
ocsp.netsolssl.com@dns.qry.name,0,0,0,1,0,0,1
11.120.174.69.in-addr.arpa@dns.qry.name,0,0,0,1,0,0,1
60.37.35.13.in-addr.arpa@dns.qry.name,0,0,0,1,0,0,1
26.120.174.69.in-addr.arpa@dns.qry.name,0,0,0,1,0,0,1
tps20808.doubleverify.com@dns.qry.name,0,0,0,1,0,0,1
17.120.174.69.in-addr.arpa@dns.qry.name,0,0,0,1,0,0,1
23.249.124.192.in-addr.arpa@dns.qry.name,0,0,0,1,0,0,1
65.219.17.52.in-addr.arpa@dns.qry.name,0,0,0,1,0,0,1
tps20813.doubleverify.com@dns.qry.name,0,0,0,1,0,0,1
tps20800.doubleverify.com@dns.qry.name,0,0,0,1,0,0,1
tps20809.doubleverify.com@dns.qry.name,0,0,0,1,0,0,1
13.120.174.69.in-addr.arpa@dns.qry.name,0,0,0,1,0,0,1
41.249.124.192.in-addr.arpa@dns.qry.name,0,0,0,1,0,0,1
webglx0.net@dns.qry.name,0,0,0,1,0,0,1
tps20225.doubleverify.com@dns.qry.name,0,0,0,1,0,0,1
21.120.174.69.in-addr.arpa@dns.qry.name,0,0,0,1,0,0,1
24.244.254.213.in-addr.arpa@dns.qry.name,0,0,0,1,0,0,1
33.187.154.54.in-addr.arpa@dns.qry.name,0,0,0,1,0,0,1
tps20232.doubleverify.com@dns.qry.name,0,0,0,1,0,0,1
tps20239.doubleverify.com@dns.qry.name,0,0,0,1,0,0,1
15.244.254.213.in-addr.arpa@dns.qry.name,0,0,0,1,0,0,1
14.120.174.69.in-addr.arpa@dns.qry.name,0,0,0,1,0,0,1
83.226.28.163.in-addr.arpa@dns.qry.name,0,0,0,0,1,1,2
store-images.s-microsoft.com@dns.qry.name,0,0,0,0,1,1,2
230.225.28.163.in-addr.arpa@dns.qry.name,0,0,0,0,1,1,2
cert.int-x3.letsencrypt.org@dns.qry.name,0,0,0,0,1,1,2
bubblewitch3mobile.king.com@dns.qry.name,0,0,0,0,1,1,2
253.81.48.185.in-addr.arpa@dns.qry.name,0,0,0,0,1,1,2
maxcdn.bootstrapcdn.com@dns.qry.name,0,1,0,0,1,0,2
cdn.jsdelivr.net@dns.qry.name,0,0,0,0,1,1,2
cdnjs.cloudflare.com@dns.qry.name,0,0,0,0,1,1,2
15.3.197.209.in-addr.arpa@dns.qry.name,0,1,0,0,1,0,2
redirector.gvt1.com@dns.qry.name,0,1,0,0,1,0,2
126.137.90.40.in-addr.arpa@dns.qry.name,0,1,0,0,1,0,2
157.41.94.104.in-addr.arpa@dns.qry.name,0,0,0,0,1,1,2
30.6.26.104.in-addr.arpa@dns.qry.name,0,0,0,0,1,1,2
22.132.114.52.in-addr.arpa@dns.qry.name,0,0,0,0,1,0,1
az764295.vo.msecnd.net@dns.qry.name,0,0,0,0,1,0,1
code.visualstudio.com@dns.qry.name,0,0,0,0,1,0,1
5.113.82.140.in-addr.arpa@dns.qry.name,0,0,0,0,1,0,1
54.81.184.52.in-addr.arpa@dns.qry.name,0,0,0,0,1,0,1
166.73.189.20.in-addr.arpa@dns.qry.name,0,0,0,0,1,0,1
3.tlu.dl.delivery.mp.microsoft.com@dns.qry.name,0,0,0,0,1,0,1
88.194.113.140.in-addr.arpa@dns.qry.name,0,0,0,0,1,0,1
126.193.255.8.in-addr.arpa@dns.qry.name,0,0,0,0,1,0,1
254.35.27.67.in-addr.arpa@dns.qry.name,0,0,0,0,1,0,1
233.174.229.52.in-addr.arpa@dns.qry.name,0,0,0,0,1,0,1
126.33.255.8.in-addr.arpa@dns.qry.name,0,0,0,0,1,0,1
254.246.107.13.in-addr.arpa@dns.qry.name,0,0,0,0,1,0,1
254.4.107.13.in-addr.arpa@dns.qry.name,0,0,0,0,1,0,1
79.175.229.52.in-addr.arpa@dns.qry.name,0,0,0,0,1,0,1
33.77.114.52.in-addr.arpa@dns.qry.name,0,0,0,0,1,0,1
39.7.114.52.in-addr.arpa@dns.qry.name,0,0,0,0,1,0,1
24.32.114.52.in-addr.arpa@dns.qry.name,0,0,0,0,1,0,1
52.4.107.13.in-addr.arpa@dns.qry.name,0,0,0,0,1,0,1
14.160.122.40.in-addr.arpa@dns.qry.name,0,0,0,0,1,0,1
254.6.107.13.in-addr.arpa@dns.qry.name,0,0,0,0,1,0,1
254.136.107.13.in-addr.arpa@dns.qry.name,0,0,0,0,1,0,1
254.3.107.13.in-addr.arpa@dns.qry.name,0,0,0,0,1,0,1
10.32.231.52.in-addr.arpa@dns.qry.name,0,0,0,0,1,0,1
90.108.52.65.in-addr.arpa@dns.qry.name,0,0,0,0,1,0,1
47.6.114.52.in-addr.arpa@dns.qry.name,0,0,0,0,1,0,1
223.76.101.151.in-addr.arpa@dns.qry.name,0,0,0,0,1,0,1
82.163.35.13.in-addr.arpa@dns.qry.name,0,0,0,0,1,0,1
150.8.236.13.in-addr.arpa@dns.qry.name,0,0,0,0,1,0,1
208.23.90.40.in-addr.arpa@dns.qry.name,0,0,0,0,1,0,1
hk2prdapp02-canary.clo.footprintdns.com@dns.qry.name,0,0,0,0,1,0,1
83d6003d57ebcb5ad1539500ba54bb18.clo.footprintdns.com@dns.qry.name,0,0,0,0,1,0,1
2b0710a516997749f15d3bbfe5ea94c5.clo.footprintdns.com@dns.qry.name,0,0,0,0,1,0,1
15.96.211.104.in-addr.arpa@dns.qry.name,0,0,0,0,1,0,1
20.88.114.52.in-addr.arpa@dns.qry.name,0,0,0,0,1,0,1
51.208.44.20.in-addr.arpa@dns.qry.name,0,0,0,0,1,0,1
5291b1a2cffe1c0cdc0a578592a0f00b.clo.footprintdns.com@dns.qry.name,0,0,0,0,1,0,1
164.237.46.104.in-addr.arpa@dns.qry.name,0,0,0,0,1,0,1
fp-vp.azureedge.net@dns.qry.name,0,0,0,0,1,0,1
254.54.4.64.in-addr.arpa@dns.qry.name,0,0,0,0,1,0,1
29.88.114.52.in-addr.arpa@dns.qry.name,0,0,0,0,1,0,1
241.202.89.13.in-addr.arpa@dns.qry.name,0,1,0,0,0,1,2
um.simpli.fi@dns.qry.name,0,1,0,0,0,1,2
trc.taboola.com@dns.qry.name,0,1,0,0,0,1,2
12.16.161.119.in-addr.arpa@dns.qry.name,0,1,0,0,0,1,2
181.90.43.103.in-addr.arpa@dns.qry.name,0,1,0,0,0,1,2
147.72.161.182.in-addr.arpa@dns.qry.name,0,1,0,0,0,1,2
114.89.213.35.in-addr.arpa@dns.qry.name,0,1,0,0,0,1,2
49.2.101.151.in-addr.arpa@dns.qry.name,0,1,0,0,0,1,2
102.160.217.172.in-addr.arpa@dns.qry.name,0,1,0,0,0,1,2
215.9.58.202.in-addr.arpa@dns.qry.name,0,1,0,0,0,1,2
rp.gwallet.com@dns.qry.name,0,1,0,0,0,1,2
rt.gsspat.jp@dns.qry.name,0,1,0,0,0,1,2
cs.gssprt.jp@dns.qry.name,0,1,0,0,0,1,2
113.22.162.139.in-addr.arpa@dns.qry.name,0,1,0,0,0,1,2
simage2.pubmatic.com@dns.qry.name,0,1,0,0,0,1,2
194.98.231.103.in-addr.arpa@dns.qry.name,0,1,0,0,0,1,2
153.160.193.52.in-addr.arpa@dns.qry.name,0,1,0,0,0,1,2
139.196.214.74.in-addr.arpa@dns.qry.name,0,1,0,0,0,1,2
e.serverbid.com@dns.qry.name,0,1,0,0,0,1,2
rtb.gumgum.com@dns.qry.name,0,1,0,0,0,1,2
226.10.229.103.in-addr.arpa@dns.qry.name,0,1,0,0,0,1,2
image4.pubmatic.com@dns.qry.name,0,1,0,0,0,1,2
195.98.231.103.in-addr.arpa@dns.qry.name,0,1,0,0,0,1,2
simage4.pubmatic.com@dns.qry.name,0,1,0,0,0,1,2
pippio.com@dns.qry.name,0,1,0,0,0,1,2
65.254.178.107.in-addr.arpa@dns.qry.name,0,1,0,0,0,1,2
rc.rlcdn.com@dns.qry.name,0,1,0,0,0,1,2
match.taboola.com@dns.qry.name,0,1,0,0,0,1,2
match.zorosrv.com@dns.qry.name,0,1,0,0,0,1,2
subscription.omnithrottle.com@dns.qry.name,0,1,0,0,0,1,2
8.105.96.34.in-addr.arpa@dns.qry.name,0,1,0,0,0,1,2
133.234.176.18.in-addr.arpa@dns.qry.name,0,1,0,0,0,1,2
sync.adaptv.advertising.com@dns.qry.name,0,1,0,0,0,1,2
240.232.229.192.in-addr.arpa@dns.qry.name,1,0,0,0,0,1,2
6.24.217.172.in-addr.arpa@dns.qry.name,0,1,0,0,0,1,2
33.200.58.216.in-addr.arpa@dns.qry.name,0,1,0,0,0,1,2
253.205.229.103.in-addr.arpa@dns.qry.name,0,1,0,0,0,1,2
25.60.84.185.in-addr.arpa@dns.qry.name,0,1,0,0,0,1,2
128.156.193.52.in-addr.arpa@dns.qry.name,0,1,0,0,0,1,2
stats.wp.com@dns.qry.name,0,1,0,0,0,1,2
3.76.0.192.in-addr.arpa@dns.qry.name,0,1,0,0,0,1,2
2.73.0.192.in-addr.arpa@dns.qry.name,0,1,0,0,0,1,2
104.160.217.172.in-addr.arpa@dns.qry.name,1,0,0,0,0,1,2
225.200.58.216.in-addr.arpa@dns.qry.name,1,0,0,0,0,1,2
8.87.13.31.in-addr.arpa@dns.qry.name,0,1,0,0,0,1,2
11.140.179.54.in-addr.arpa@dns.qry.name,0,1,0,0,0,1,2
dsum-sec.casalemedia.com@dns.qry.name,0,1,0,0,0,1,2
36.200.58.216.in-addr.arpa@dns.qry.name,1,0,0,0,0,1,2
156.203.125.74.in-addr.arpa@dns.qry.name,0,1,0,0,0,1,2
99.29.217.172.in-addr.arpa@dns.qry.name,0,1,0,0,0,1,2
cs.nex8.net@dns.qry.name,0,1,0,0,0,1,2
118.225.206.34.in-addr.arpa@dns.qry.name,0,1,0,0,0,1,2
116.202.85.54.in-addr.arpa@dns.qry.name,0,1,0,0,0,1,2
www.capital.com.tw@dns.qry.name,0,0,0,0,0,1,1
154.187.233.64.in-addr.arpa@dns.qry.name,0,0,0,0,0,1,1
215.241.72.211.in-addr.arpa@dns.qry.name,0,0,0,0,0,1,1
guce.yahoo.com@dns.qry.name,0,0,0,0,0,1,1
tag.sp.advertising.com@dns.qry.name,0,0,0,0,0,1,1
21.43.199.152.in-addr.arpa@dns.qry.name,0,0,0,0,0,1,1
2.77.138.18.in-addr.arpa@dns.qry.name,0,0,0,0,0,1,1
112.211.81.119.in-addr.arpa@dns.qry.name,0,0,0,0,0,1,1
bit.ly@dns.qry.name,0,0,0,0,0,1,1
moandfrog.pixnet.net@dns.qry.name,0,0,0,0,0,1,1
t.me@dns.qry.name,0,0,0,0,0,1,1
tw.mail.yahoo.com@dns.qry.name,0,0,0,0,0,1,1
tw.money.yahoo.com@dns.qry.name,0,0,0,0,0,1,1
tw.sports.yahoo.com@dns.qry.name,0,0,0,0,0,1,1
yahoomode.tumblr.com@dns.qry.name,0,0,0,0,0,1,1
dpm.demdex.net@dns.qry.name,0,0,0,0,0,1,1
aa.agkn.com@dns.qry.name,0,0,0,0,0,1,1
36.163.35.13.in-addr.arpa@dns.qry.name,0,0,0,0,0,1,1
idpix.media6degrees.com@dns.qry.name,0,0,0,0,0,1,1
156.249.227.35.in-addr.arpa@dns.qry.name,0,0,0,0,0,1,1
171.68.255.51.in-addr.arpa@dns.qry.name,0,0,0,0,0,1,1
dt-secure.videohub.tv@dns.qry.name,0,0,0,0,0,1,1
cs.tekblue.net@dns.qry.name,0,0,0,0,0,1,1
226.14.67.38.in-addr.arpa@dns.qry.name,0,0,0,0,0,1,1
22.190.193.52.in-addr.arpa@dns.qry.name,0,0,0,0,0,1,1
cr-p1.ladsp.com@dns.qry.name,0,0,0,0,0,1,1
sync.technoratimedia.com@dns.qry.name,0,0,0,0,0,1,1
sync.bfmio.com@dns.qry.name,0,0,0,0,0,1,1
ad.as.amanad.adtdp.com@dns.qry.name,0,0,0,0,0,1,1
media.sabio.us@dns.qry.name,0,0,0,0,0,1,1
ssc-cms.33across.com@dns.qry.name,0,0,0,0,0,1,1
171.17.100.208.in-addr.arpa@dns.qry.name,0,0,0,0,0,1,1
google2waycm.netmng.com@dns.qry.name,0,0,0,0,0,1,1
pixel-sync.sitescout.com@dns.qry.name,0,0,0,0,0,1,1
a.rfihub.com@dns.qry.name,0,0,0,0,0,1,1
y.one.impact-ad.jp@dns.qry.name,0,0,0,0,0,1,1
ssbsync.smartadserver.com@dns.qry.name,0,0,0,0,0,1,1
112.243.116.104.in-addr.arpa@dns.qry.name,0,0,0,0,0,1,1
s3-ap-northeast-1.amazonaws.com@dns.qry.name,0,0,0,0,0,1,1
showcase.svc.litv.tv@dns.qry.name,0,0,0,0,0,1,1
sfiles.cnyes.cool@dns.qry.name,0,0,0,0,0,1,1
105.163.35.13.in-addr.arpa@dns.qry.name,0,0,0,0,0,1,1
40.68.219.52.in-addr.arpa@dns.qry.name,0,0,0,0,0,1,1
b.cnyes.cool@dns.qry.name,0,0,0,0,0,1,1
api.popin.cc@dns.qry.name,0,0,0,0,0,1,1
static.hotjar.com@dns.qry.name,0,0,0,0,0,1,1
certify-js.alexametrics.com@dns.qry.name,0,0,0,0,0,1,1
analytics.prod.jpp.cnyes.cool@dns.qry.name,0,0,0,0,0,1,1
in.treasuredata.com@dns.qry.name,0,0,0,0,0,1,1
log.popin.cc@dns.qry.name,0,0,0,0,0,1,1
rlog.popin.cc@dns.qry.name,0,0,0,0,0,1,1
cdnstatic.svc.litv.tv@dns.qry.name,0,0,0,0,0,1,1
eca.hinet.net@dns.qry.name,0,0,0,0,0,1,1
72.93.6.96.in-addr.arpa@dns.qry.name,0,0,0,0,0,1,1
loadus.exelator.com@dns.qry.name,0,0,0,0,0,1,1
176.241.178.107.in-addr.arpa@dns.qry.name,0,0,0,0,0,1,1
59.163.35.13.in-addr.arpa@dns.qry.name,0,0,0,0,0,1,1
15.163.35.13.in-addr.arpa@dns.qry.name,0,0,0,0,0,1,1
fm.ipinyou.com@dns.qry.name,0,0,0,0,0,1,1
www.stockfeel.com.tw@dns.qry.name,0,0,0,0,0,1,1
rich01.com@dns.qry.name,0,0,0,0,0,1,1
img.rich01.com@dns.qry.name,0,0,0,0,0,1,1
i4.achangpro.com@dns.qry.name,0,0,0,0,0,1,1
pixel.wp.com@dns.qry.name,0,0,0,0,0,1,1
pixanalytics.pixnet.net@dns.qry.name,0,0,0,0,0,1,1
170.243.178.107.in-addr.arpa@dns.qry.name,0,0,0,0,0,1,1
148.72.161.182.in-addr.arpa@dns.qry.name,0,0,0,0,0,1,1
ig.ck-cdn.com@dns.qry.name,0,0,0,0,0,1,1
d.line-scdn.net@dns.qry.name,0,0,0,0,0,1,1
i2.wp.com@dns.qry.name,0,0,0,0,0,1,1
secure.gravatar.com@dns.qry.name,0,0,0,0,0,1,1
158.224.28.163.in-addr.arpa@dns.qry.name,0,0,0,0,0,1,1
torimochi.line-apps.com@dns.qry.name,0,0,0,0,0,1,1
66.163.35.13.in-addr.arpa@dns.qry.name,0,0,0,0,0,1,1
chartevents-reuters.tradingview.com@dns.qry.name,0,0,0,0,0,1,1
scanner.tradingview.com@dns.qry.name,0,0,0,0,0,1,1
27.69.223.92.in-addr.arpa@dns.qry.name,0,0,0,0,0,1,1
26.169.38.92.in-addr.arpa@dns.qry.name,0,0,0,0,0,1,1
28.169.38.92.in-addr.arpa@dns.qry.name,0,0,0,0,0,1,1
finance.ffaarr.com.tw@dns.qry.name,0,0,0,0,0,1,1
resources.blogblog.com@dns.qry.name,0,0,0,0,0,1,1
marketing.etorostatic.com@dns.qry.name,0,0,0,0,0,1,1
etoro-cdn.etorostatic.com@dns.qry.name,0,0,0,0,0,1,1
soma.smaato.net@dns.qry.name,0,0,0,0,0,1,1
histock.tw@dns.qry.name,0,0,0,0,0,1,1
214.128.222.81.in-addr.arpa@dns.qry.name,0,0,0,0,0,1,1
131.27.217.172.in-addr.arpa@dns.qry.name,1,1,0,0,0,0,2
10.24.217.172.in-addr.arpa@dns.qry.name,1,1,0,0,0,0,2
42.200.58.216.in-addr.arpa@dns.qry.name,1,1,0,0,0,0,2
113.80.20.23.in-addr.arpa@dns.qry.name,1,1,0,0,0,0,2
52.7.35.13.in-addr.arpa@dns.qry.name,1,1,0,0,0,0,2
136.27.217.172.in-addr.arpa@dns.qry.name,1,1,0,0,0,0,2
99.37.35.13.in-addr.arpa@dns.qry.name,1,1,0,0,0,0,2
beacons2.gvt2.com@dns.qry.name,0,1,0,0,0,0,1
218.228.99.47.in-addr.arpa@dns.qry.name,0,1,0,0,0,0,1
uavcode.org@dns.qry.name,0,1,0,0,0,0,1
humanitariandronecode.files.wordpress.com@dns.qry.name,0,1,0,0,0,0,1
www.gravatar.com@dns.qry.name,0,1,0,0,0,0,1
app.appzi.io@dns.qry.name,0,1,0,0,0,0,1
appzi-collector-b.azurewebsites.net@dns.qry.name,0,1,0,0,0,0,1
94.171.101.23.in-addr.arpa@dns.qry.name,0,1,0,0,0,0,1
cse.google.com@dns.qry.name,0,1,0,0,0,0,1
192.0.255.51.in-addr.arpa@dns.qry.name,0,1,0,0,0,0,1
46.22.162.139.in-addr.arpa@dns.qry.name,0,1,0,0,0,0,1
uhunt.onlinejudge.org@dns.qry.name,0,1,0,0,0,0,1
13.13.145.198.in-addr.arpa@dns.qry.name,0,1,0,0,0,0,1
208.1.93.104.in-addr.arpa@dns.qry.name,0,1,0,0,0,0,1
12.110.217.144.in-addr.arpa@dns.qry.name,0,1,0,0,0,0,1
cdn-images.mailchimp.com@dns.qry.name,0,1,0,0,0,0,1
tag.1rx.io@dns.qry.name,0,1,0,0,0,0,1
227.24.193.23.in-addr.arpa@dns.qry.name,0,1,0,0,0,0,1
213.246.128.138.in-addr.arpa@dns.qry.name,0,1,0,0,0,0,1
121.86.201.138.in-addr.arpa@dns.qry.name,0,1,0,0,0,0,1
210.9.58.202.in-addr.arpa@dns.qry.name,0,1,0,0,0,0,1
pixel.tapad.com@dns.qry.name,0,1,0,0,0,0,1
sync.adap.tv@dns.qry.name,0,1,0,0,0,0,1
prebid-server.rubiconproject.com@dns.qry.name,0,1,0,0,0,0,1
45.83.76.23.in-addr.arpa@dns.qry.name,0,1,0,0,0,0,1
20.120.174.69.in-addr.arpa@dns.qry.name,0,1,0,0,0,0,1
tps801.doubleverify.com@dns.qry.name,0,1,0,0,0,0,1
19.120.174.69.in-addr.arpa@dns.qry.name,0,1,0,0,0,0,1
au.download.windowsupdate.com@dns.qry.name,1,0,0,0,0,0,1
array702.prod.do.dsp.mp.microsoft.com@dns.qry.name,1,0,0,0,0,0,1
178.173.229.52.in-addr.arpa@dns.qry.name,1,0,0,0,0,0,1
138.89.163.52.in-addr.arpa@dns.qry.name,1,0,0,0,0,0,1
208.139.88.13.in-addr.arpa@dns.qry.name,1,0,0,0,0,0,1
56.137.41.23.in-addr.arpa@dns.qry.name,1,0,0,0,0,0,1
caniuse.com@dns.qry.name,1,0,0,0,0,0,1
p4-a72nplqxeswbw-x3sz65purcckb3ma-if-v6exp3-v4.metric.gstatic.com@dns.qry.name,1,0,0,0,0,0,1
p4-cfcoofgaflpg6-ab3g5a65g24qv6om-if-v6exp3-v4.metric.gstatic.com@dns.qry.name,1,0,0,0,0,0,1
223.54.114.40.in-addr.arpa@dns.qry.name,1,0,0,0,0,0,1
p4-cfcoofgaflpg6-ab3g5a65g24qv6om-871272-i1-v6exp3.ds.metric.gstatic.com@dns.qry.name,1,0,0,0,0,0,1
p4-cfcoofgaflpg6-ab3g5a65g24qv6om-871272-i2-v6exp3.v4.metric.gstatic.com@dns.qry.name,1,0,0,0,0,0,1
153.157.140.51.in-addr.arpa@dns.qry.name,1,0,0,0,0,0,1
ocsp.sectigo.com@dns.qry.name,1,0,0,0,0,0,1
223.180.222.173.in-addr.arpa@dns.qry.name,1,0,0,0,0,0,1
87.181.222.173.in-addr.arpa@dns.qry.name,1,0,0,0,0,0,1
121.254.7.96.in-addr.arpa@dns.qry.name,1,0,0,0,0,0,1
226.200.58.216.in-addr.arpa@dns.qry.name,1,0,0,1,0,0,2
87.43.199.152.in-addr.arpa@dns.qry.name,1,0,0,1,0,0,2
11.16.161.119.in-addr.arpa@dns.qry.name,0,0,0,1,0,1,2
ssl.trustwave.com@dns.qry.name,1,0,0,0,0,1,2
106.160.217.172.in-addr.arpa@dns.qry.name,1,0,0,0,0,1,2
3.163.35.13.in-addr.arpa@dns.qry.name,1,0,0,0,0,1,2
242.91.195.34.in-addr.arpa@dns.qry.name,1,0,0,0,0,1,2
110.111.96.34.in-addr.arpa@dns.qry.name,1,0,0,0,0,1,2
arc.msn.com@dns.qry.name,1,0,0,0,0,1,2
ris.api.iris.microsoft.com@dns.qry.name,1,0,0,0,0,1,2
216.122.75.13.in-addr.arpa@dns.qry.name,1,0,0,0,0,1,2
244.216.76.170.in-addr.arpa@dns.qry.name,0,0,0,0,0,1,1
27.119.38.64.in-addr.arpa@dns.qry.name,0,0,0,0,0,1,1
88.161.186.133.in-addr.arpa@dns.qry.name,0,0,0,0,0,1,1
88.254.108.192.in-addr.arpa@dns.qry.name,0,0,0,0,0,1,1
93.254.108.192.in-addr.arpa@dns.qry.name,0,0,0,0,0,1,1
78.254.108.192.in-addr.arpa@dns.qry.name,0,0,0,0,0,1,1
77.254.108.192.in-addr.arpa@dns.qry.name,0,0,0,0,0,1,1
197.42.244.104.in-addr.arpa@dns.qry.name,0,0,0,0,0,1,1
3.42.244.104.in-addr.arpa@dns.qry.name,0,0,0,0,0,1,1
60.86.5.139.in-addr.arpa@dns.qry.name,0,0,0,0,0,1,1
204.195.72.52.in-addr.arpa@dns.qry.name,1,1,0,0,0,0,2
101.193.38.54.in-addr.arpa@dns.qry.name,1,1,0,0,0,0,2
nav.smartscreen.microsoft.com@dns.qry.name,1,0,0,1,0,0,2
34.5.28.163.in-addr.arpa@dns.qry.name,1,0,0,1,0,0,2
44.77.101.151.in-addr.arpa@dns.qry.name,1,0,0,1,1,0,3
51.50.94.104.in-addr.arpa@dns.qry.name,0,0,0,1,0,1,2
32.224.226.141.in-addr.arpa@dns.qry.name,1,0,0,1,1,0,3
67.160.217.172.in-addr.arpa@dns.qry.name,1,0,1,1,0,0,3
60.133.114.52.in-addr.arpa@dns.qry.name,0,0,0,1,1,0,2
111.208.158.52.in-addr.arpa@dns.qry.name,0,0,0,1,1,0,2
encrypted-tbn0.gstatic.com@dns.qry.name,0,0,0,1,0,1,2
246.200.58.216.in-addr.arpa@dns.qry.name,0,1,1,1,0,0,3
78.160.217.172.in-addr.arpa@dns.qry.name,1,1,0,1,0,0,3
138.27.217.172.in-addr.arpa@dns.qry.name,0,1,0,1,0,1,3
s.ytimg.com@dns.qry.name,0,1,1,1,0,0,3
yt3.ggpht.com@dns.qry.name,0,1,1,1,0,0,3
97.160.217.172.in-addr.arpa@dns.qry.name,0,1,0,1,0,1,3
static.doubleclick.net@dns.qry.name,0,1,1,1,0,0,3
cdn3.doubleverify.com@dns.qry.name,0,1,0,1,0,0,2
ocsp.usertrust.com@dns.qry.name,1,0,0,1,0,0,2
14.128.139.151.in-addr.arpa@dns.qry.name,1,0,0,1,0,0,2
40.200.58.216.in-addr.arpa@dns.qry.name,0,1,0,1,0,1,3
status.geotrust.com@dns.qry.name,1,0,0,1,0,0,2
pagead2.googleadservices.com@dns.qry.name,1,0,0,1,0,1,3
tps20804.doubleverify.com@dns.qry.name,0,1,0,1,0,0,2
46.200.58.216.in-addr.arpa@dns.qry.name,1,0,0,1,0,0,2
34.77.114.52.in-addr.arpa@dns.qry.name,1,0,0,1,0,0,2
247.23.90.40.in-addr.arpa@dns.qry.name,1,0,0,1,0,0,2
10.216.185.205.in-addr.arpa@dns.qry.name,0,1,0,1,0,0,2
231.205.203.18.in-addr.arpa@dns.qry.name,0,1,0,1,0,0,2
18.120.174.69.in-addr.arpa@dns.qry.name,0,1,0,1,0,0,2
22.120.174.69.in-addr.arpa@dns.qry.name,0,1,0,1,0,0,2
42.216.185.205.in-addr.arpa@dns.qry.name,0,1,0,1,0,0,2
12.120.174.69.in-addr.arpa@dns.qry.name,0,1,0,1,0,0,2
24.120.174.69.in-addr.arpa@dns.qry.name,0,1,0,1,0,0,2
tps806.doubleverify.com@dns.qry.name,0,0,0,1,0,0,1
tps807.doubleverify.com@dns.qry.name,0,0,0,1,0,0,1
72.42.244.104.in-addr.arpa@dns.qry.name,0,0,0,1,0,0,1
displaycatalog.mp.microsoft.com@dns.qry.name,0,0,0,0,1,1,2
purchase.mp.microsoft.com@dns.qry.name,0,0,0,0,1,1,2
16.82.184.52.in-addr.arpa@dns.qry.name,0,0,0,0,1,1,2
53.224.186.35.in-addr.arpa@dns.qry.name,0,0,0,0,1,1,2
fp-afd.azurefd.us@dns.qry.name,0,1,0,0,1,0,2
geo.prod.do.dsp.mp.microsoft.com@dns.qry.name,1,0,0,0,1,0,2
5.87.13.31.in-addr.arpa@dns.qry.name,0,1,0,0,1,1,3
scontent-tpe1-1.xx.fbcdn.net@dns.qry.name,0,0,0,0,1,1,2
74.160.217.172.in-addr.arpa@dns.qry.name,1,0,1,0,1,0,3
time.windows.com@dns.qry.name,1,0,0,0,1,1,3
2.2.0.10.in-addr.arpa@dns.qry.name,1,1,0,0,1,0,3
ogs.google.com@dns.qry.name,0,1,0,0,1,0,2
217.40.94.104.in-addr.arpa@dns.qry.name,0,0,0,0,1,1,2
254.193.255.8.in-addr.arpa@dns.qry.name,0,1,0,0,1,0,2
18.54.4.64.in-addr.arpa@dns.qry.name,1,0,0,0,1,0,2
130.252.36.20.in-addr.arpa@dns.qry.name,1,0,0,0,1,0,2
checkappexec.microsoft.com@dns.qry.name,1,0,1,0,0,0,2
109.160.217.172.in-addr.arpa@dns.qry.name,1,1,1,0,0,0,3
110.160.217.172.in-addr.arpa@dns.qry.name,1,0,1,0,0,1,3
r1---sn-oju0-u2xl.googlevideo.com@dns.qry.name,0,1,1,0,0,0,2
100.160.217.172.in-addr.arpa@dns.qry.name,1,1,0,0,0,1,3
25.159.173.69.in-addr.arpa@dns.qry.name,1,1,0,0,0,1,3
pm.w55c.net@dns.qry.name,0,1,0,0,0,1,2
194.102.18.104.in-addr.arpa@dns.qry.name,1,0,0,0,0,1,2
dps.jp.cinarra.com@dns.qry.name,0,1,0,0,0,1,2
57.225.28.163.in-addr.arpa@dns.qry.name,1,1,0,0,0,1,3
149.8.241.35.in-addr.arpa@dns.qry.name,1,1,0,0,0,1,3
234.200.58.216.in-addr.arpa@dns.qry.name,1,1,0,0,0,1,3
id.rlcdn.com@dns.qry.name,1,1,0,0,0,1,3
dis.criteo.com@dns.qry.name,0,1,0,0,0,1,2
173.193.186.35.in-addr.arpa@dns.qry.name,0,1,0,0,0,1,2
gocm.c.appier.net@dns.qry.name,0,1,0,0,0,1,2
image2.pubmatic.com@dns.qry.name,0,1,0,0,0,1,2
bh.contextweb.com@dns.qry.name,0,1,0,0,0,1,2
idsync.rlcdn.com@dns.qry.name,0,1,0,0,0,1,2
pixel.quantserve.com@dns.qry.name,0,1,0,0,0,1,2
20.90.43.103.in-addr.arpa@dns.qry.name,0,1,0,0,0,1,2
tr.blismedia.com@dns.qry.name,0,1,0,0,0,1,2
227.200.58.216.in-addr.arpa@dns.qry.name,1,0,0,0,0,1,2
s.w.org@dns.qry.name,0,1,0,0,0,1,2
consent.cmp.oath.com@dns.qry.name,0,0,0,0,0,1,1
tw.quote.finance.yahoo.net@dns.qry.name,0,0,0,0,0,1,1
partner-query.finance.yahoo.com@dns.qry.name,0,0,0,0,0,1,1
tag.idsync.analytics.yahoo.com@dns.qry.name,0,0,0,0,0,1,1
bid.g.doubleclick.net@dns.qry.name,0,0,0,0,0,1,1
geo.query.yahoo.com@dns.qry.name,0,0,0,0,0,1,1
csc.beap.bc.yahoo.com@dns.qry.name,0,0,0,0,0,1,1
shim.btrll.com@dns.qry.name,0,0,0,0,0,1,1
yrtas.btrll.com@dns.qry.name,0,0,0,0,0,1,1
yep.video.yahoo.com@dns.qry.name,0,0,0,0,0,1,1
help.yahoo.com@dns.qry.name,0,0,0,0,0,1,1
login.yahoo.com@dns.qry.name,0,0,0,0,0,1,1
mail.yahoo.com@dns.qry.name,0,0,0,0,0,1,1
tw.everything.yahoo.com@dns.qry.name,0,0,0,0,0,1,1
tw.tv.yahoo.com@dns.qry.name,0,0,0,0,0,1,1
p.rfihub.com@dns.qry.name,0,0,0,0,0,1,1
ad.afy11.net@dns.qry.name,0,0,0,0,0,1,1
contextual.media.net@dns.qry.name,0,0,0,0,0,1,1
match.sharethrough.com@dns.qry.name,0,0,0,0,0,1,1
ad.audience73.com@dns.qry.name,0,0,0,0,0,1,1
rtb.mfadsrvr.com@dns.qry.name,0,0,0,0,0,1,1
udc.yahoo.com@dns.qry.name,0,0,0,0,0,1,1
tw.stock.yahoo.com@dns.qry.name,0,0,0,0,0,1,1
stg.truvidplayer.com@dns.qry.name,0,0,0,0,0,1,1
p.trvdp.com@dns.qry.name,0,0,0,0,0,1,1
pixnet-network-falcon-asset.pixfs.net@dns.qry.name,0,0,0,0,0,1,1
bidder.criteo.com@dns.qry.name,0,0,0,0,0,1,1
social-plugins.line.me@dns.qry.name,0,0,0,0,0,1,1
news-headlines.tradingview.com@dns.qry.name,0,0,0,0,0,1,1
leetcode.com@dns.qry.name,0,1,0,0,0,0,1
assets.leetcode.com@dns.qry.name,0,1,0,0,0,0,1
www.cplusplus.com@dns.qry.name,0,1,0,0,0,0,1
kv701.prod.do.dsp.mp.microsoft.com@dns.qry.name,1,0,0,0,0,0,1
neutralxe.blogspot.com@dns.qry.name,1,0,0,0,0,0,1
www.tumblr.com@dns.qry.name,1,0,0,0,0,0,1
65.160.217.172.in-addr.arpa@dns.qry.name,1,0,0,1,0,1,3
218.225.25.100.in-addr.arpa@dns.qry.name,1,0,0,1,0,0,2
221.10.48.182.in-addr.arpa@dns.qry.name,1,0,0,1,0,0,2
fe2cr.update.microsoft.com@dns.qry.name,1,0,0,0,1,0,2
50.158.114.52.in-addr.arpa@dns.qry.name,1,0,0,0,1,0,2
84.200.131.202.in-addr.arpa@dns.qry.name,1,1,0,0,0,1,3
82.55.241.35.in-addr.arpa@dns.qry.name,1,1,0,0,0,1,3
pixel.everesttech.net@dns.qry.name,1,1,0,0,0,1,3
36.25.117.66.in-addr.arpa@dns.qry.name,1,1,0,0,0,1,3
129.27.217.172.in-addr.arpa@dns.qry.name,1,1,0,0,0,1,3
beacon.walmart.com@dns.qry.name,1,1,0,0,0,1,3
71.202.13.204.in-addr.arpa@dns.qry.name,1,0,0,0,0,1,2
slscr.update.microsoft.com@dns.qry.name,1,0,0,0,0,0,1
43.218.10.106.in-addr.arpa@dns.qry.name,1,0,0,1,0,1,3
99.160.217.172.in-addr.arpa@dns.qry.name,1,0,1,1,0,1,4
130.27.217.172.in-addr.arpa@dns.qry.name,1,1,1,1,0,0,4
r2---sn-oju0-u2xl.googlevideo.com@dns.qry.name,0,1,0,1,0,0,2
98.160.217.172.in-addr.arpa@dns.qry.name,1,1,0,1,0,1,4
array706.prod.do.dsp.mp.microsoft.com@dns.qry.name,0,1,0,1,1,0,3
132.124.95.34.in-addr.arpa@dns.qry.name,1,1,0,1,0,1,4
26.202.227.35.in-addr.arpa@dns.qry.name,1,1,0,1,0,1,4
230.200.58.216.in-addr.arpa@dns.qry.name,0,1,1,1,0,1,4
cdn.ampproject.org@dns.qry.name,0,1,0,1,0,1,3
partners.tremorhub.com@dns.qry.name,0,1,0,1,0,1,3
126.26.71.103.in-addr.arpa@dns.qry.name,0,1,0,1,0,1,3
36.87.13.31.in-addr.arpa@dns.qry.name,1,1,0,1,1,0,4
www.msn.com@dns.qry.name,1,0,0,1,1,0,3
bing.com@dns.qry.name,1,0,0,1,1,0,3
c.msn.com@dns.qry.name,1,0,0,1,1,0,3
c.bing.com@dns.qry.name,1,0,0,1,1,0,3
srtb.msn.com@dns.qry.name,1,0,0,1,1,0,3
api.msn.com@dns.qry.name,1,0,0,1,1,0,3
55.31.81.40.in-addr.arpa@dns.qry.name,1,0,0,1,0,0,2
2.78.101.151.in-addr.arpa@dns.qry.name,0,0,0,1,1,0,2
254.42.107.13.in-addr.arpa@dns.qry.name,0,0,0,1,1,0,2
88.5.107.13.in-addr.arpa@dns.qry.name,0,0,0,1,1,0,2
sync.teads.tv@dns.qry.name,0,1,0,1,0,1,3
rtb-csync.smartadserver.com@dns.qry.name,0,1,0,1,0,1,3
69.92.225.3.in-addr.arpa@dns.qry.name,1,0,0,1,0,1,3
166.193.187.199.in-addr.arpa@dns.qry.name,0,1,0,1,0,1,3
15.120.174.69.in-addr.arpa@dns.qry.name,0,1,0,1,0,0,2
ocsp.starfieldtech.com@dns.qry.name,0,0,0,1,0,0,1
web.i-gamer.net@dns.qry.name,0,0,0,1,0,0,1
clients1.google.com@dns.qry.name,1,1,1,0,1,0,4
translate.googleapis.com@dns.qry.name,1,1,0,0,1,1,4
beacons.gvt2.com@dns.qry.name,0,1,0,0,1,0,2
go.microsoft.com@dns.qry.name,1,0,0,0,1,1,3
dmd.metaservices.microsoft.com@dns.qry.name,1,0,0,0,1,1,3
storecatalogrevocation.storequality.microsoft.com@dns.qry.name,1,0,0,0,1,1,3
storesdk.dsx.mp.microsoft.com@dns.qry.name,0,0,0,0,1,1,2
179.80.184.52.in-addr.arpa@dns.qry.name,1,0,0,0,1,1,3
dl.delivery.mp.microsoft.com@dns.qry.name,0,0,0,0,1,1,2
update.code.visualstudio.com@dns.qry.name,0,0,0,0,1,0,1
132.27.217.172.in-addr.arpa@dns.qry.name,1,1,1,0,0,1,4
1.24.217.172.in-addr.arpa@dns.qry.name,1,1,1,0,0,1,4
38.60.94.104.in-addr.arpa@dns.qry.name,0,1,0,0,0,1,2
e.dlx.addthis.com@dns.qry.name,1,1,0,0,0,1,3
ads.pubmatic.com@dns.qry.name,0,1,0,0,0,1,2
a.tribalfusion.com@dns.qry.name,0,1,0,0,0,1,2
ipac.ctnsnet.com@dns.qry.name,0,1,0,0,0,1,2
ads.adaptv.advertising.com@dns.qry.name,0,1,0,0,0,1,2
tw.screener.finance.yahoo.net@dns.qry.name,0,0,0,0,0,1,1
tp2.beap.gemini.yahoo.com@dns.qry.name,0,0,0,0,0,1,1
beap.gemini.yahoo.com@dns.qry.name,0,0,0,0,0,1,1
video-api.yql.yahoo.com@dns.qry.name,0,0,0,0,0,1,1
www.yahoo.com@dns.qry.name,0,0,0,0,0,1,1
tw.bid.yahoo.com@dns.qry.name,0,0,0,0,0,1,1
tw.buy.yahoo.com@dns.qry.name,0,0,0,0,0,1,1
tw.mall.yahoo.com@dns.qry.name,0,0,0,0,0,1,1
tw.news.yahoo.com@dns.qry.name,0,0,0,0,0,1,1
tw.yahoo.com@dns.qry.name,0,0,0,0,0,1,1
cms.analytics.yahoo.com@dns.qry.name,0,0,0,0,0,1,1
ganon.yahoo.com@dns.qry.name,0,0,0,0,0,1,1
s3.tradingview.com@dns.qry.name,0,0,0,0,0,1,1
pushstream.tradingview.com@dns.qry.name,0,0,0,0,0,1,1
hotlist.tradingview.com@dns.qry.name,0,0,0,0,0,1,1
snowplow-pixel.tradingview.com@dns.qry.name,0,0,0,0,0,1,1
i.imgur.com@dns.qry.name,0,0,0,0,0,1,1
api.leetcode-cn.com@dns.qry.name,0,1,0,0,0,0,1
sockets.leetcode.com@dns.qry.name,0,1,0,0,0,0,1
ad.atdmt.com@dns.qry.name,0,1,0,0,0,0,1
banxia.co@dns.qry.name,1,0,0,0,0,0,1
3.24.217.172.in-addr.arpa@dns.qry.name,1,0,1,1,0,1,4
142.27.217.172.in-addr.arpa@dns.qry.name,1,0,1,1,0,1,4
228.200.58.216.in-addr.arpa@dns.qry.name,1,1,0,1,1,0,4
34.200.58.216.in-addr.arpa@dns.qry.name,1,1,1,1,0,0,4
15.7.35.13.in-addr.arpa@dns.qry.name,1,0,0,1,0,1,3
35.159.173.69.in-addr.arpa@dns.qry.name,1,1,0,1,0,1,4
30.7.35.13.in-addr.arpa@dns.qry.name,1,1,0,1,0,1,4
55.159.173.69.in-addr.arpa@dns.qry.name,1,0,0,1,0,1,3
wdcp.microsoft.com@dns.qry.name,1,1,0,0,1,0,3
42.163.35.13.in-addr.arpa@dns.qry.name,1,1,0,0,0,1,3
227.10.229.103.in-addr.arpa@dns.qry.name,1,1,0,0,0,1,3
googlecm.hit.gemius.pl@dns.qry.name,1,1,0,0,0,1,3
117.186.118.74.in-addr.arpa@dns.qry.name,0,1,0,0,0,1,2
118.32.219.23.in-addr.arpa@dns.qry.name,1,0,0,1,0,1,3
r3---sn-oju0-u2xl.googlevideo.com@dns.qry.name,0,1,1,1,0,0,3
ssl.google-analytics.com@dns.qry.name,0,1,0,1,1,0,3
sync.search.spotxchange.com@dns.qry.name,0,1,0,1,0,1,3
assets.msn.com@dns.qry.name,1,0,0,1,1,0,3
45.91.81.40.in-addr.arpa@dns.qry.name,0,1,0,1,1,0,3
205.153.139.52.in-addr.arpa@dns.qry.name,1,0,0,1,1,0,3
196.98.231.103.in-addr.arpa@dns.qry.name,1,1,0,1,0,1,4
certify.alexametrics.com@dns.qry.name,0,0,0,1,0,1,2
157.76.101.151.in-addr.arpa@dns.qry.name,1,0,0,1,0,1,3
cds.taboola.com@dns.qry.name,1,0,0,1,1,0,3
img.s-msn.com@dns.qry.name,1,0,0,1,0,0,2
servedby.flashtalking.com@dns.qry.name,0,1,0,1,0,0,2
geo2.adobe.com@dns.qry.name,1,0,0,1,0,0,2
google.com@dns.qry.name,0,1,0,0,1,0,2
beacons3.gvt2.com@dns.qry.name,1,1,0,0,1,0,3
disc701.prod.do.dsp.mp.microsoft.com@dns.qry.name,1,0,0,0,1,0,2
85.188.81.40.in-addr.arpa@dns.qry.name,1,0,0,0,1,1,3
dc.services.visualstudio.com@dns.qry.name,0,0,0,0,1,0,1
www.recaptcha.net@dns.qry.name,0,1,0,0,0,1,2
sync.targeting.unrulymedia.com@dns.qry.name,0,1,0,0,0,1,2
x.bidswitch.net@dns.qry.name,0,1,0,0,0,1,2
sync.1rx.io@dns.qry.name,0,1,0,0,0,1,2
sec.yimg.com@dns.qry.name,0,0,0,0,0,1,1
as.y.atwola.com@dns.qry.name,0,0,0,0,0,1,1
prod-m-node-2111.ssp.advertising.com@dns.qry.name,0,0,0,0,0,1,1
oao-js-tag.onemobile.yahoo.com@dns.qry.name,0,0,0,0,0,1,1
lineit.line.me@dns.qry.name,0,0,0,0,0,1,1
www.verizonmedia.com@dns.qry.name,0,0,0,0,0,1,1
beap-bc.yahoo.com@dns.qry.name,0,0,0,0,0,1,1
tw.tradingview.com@dns.qry.name,0,0,0,0,0,1,1
telemetry.tradingview.com@dns.qry.name,0,0,0,0,0,1,1
beacons4.gvt2.com@dns.qry.name,0,1,0,0,0,0,1
js-agent.newrelic.com@dns.qry.name,0,1,0,0,0,0,1
fe3cr.delivery.mp.microsoft.com@dns.qry.name,1,0,0,1,1,0,3
23.132.114.52.in-addr.arpa@dns.qry.name,1,0,0,1,1,0,3
147.44.242.54.in-addr.arpa@dns.qry.name,1,1,0,1,0,1,4
200.42.244.104.in-addr.arpa@dns.qry.name,1,0,0,1,0,0,2
cms.quantserve.com@dns.qry.name,1,1,0,0,0,1,3
rtb.openx.net@dns.qry.name,1,1,0,0,0,1,3
fcmatch.google.com@dns.qry.name,1,1,0,0,0,1,3
clients2.google.com@dns.qry.name,1,1,0,0,0,0,2
8.42.244.104.in-addr.arpa@dns.qry.name,1,0,0,0,0,0,1
static-spartan-eas-s-msn-com.akamaized.net@dns.qry.name,1,0,0,1,1,0,3
array709.prod.do.dsp.mp.microsoft.com@dns.qry.name,1,1,0,1,1,0,4
125.168.139.52.in-addr.arpa@dns.qry.name,0,1,0,1,1,1,4
www.youtube.com@dns.qry.name,0,1,1,1,0,0,3
ocsp.digicert.com@dns.qry.name,1,0,0,1,1,1,4
images.taboola.com@dns.qry.name,1,0,0,1,1,0,3
browser.pipe.aria.microsoft.com@dns.qry.name,1,0,0,1,1,0,3
ocsp.pki.goog@dns.qry.name,1,0,0,1,0,0,2
d9.flashtalking.com@dns.qry.name,0,1,0,1,0,0,2
ajax.googleapis.com@dns.qry.name,0,1,0,0,1,1,3
update.googleapis.com@dns.qry.name,1,1,1,0,1,0,4
rrr34tw.tk@dns.qry.name,0,0,0,0,1,0,1
ssum-sec.casalemedia.com@dns.qry.name,1,1,0,0,0,1,3
pixel.rubiconproject.com@dns.qry.name,1,1,0,0,0,1,3
www.googleadservices.com@dns.qry.name,0,1,0,0,0,1,2
c1.adform.net@dns.qry.name,0,1,0,0,0,1,2
sync-tm.everesttech.net@dns.qry.name,0,1,0,0,0,1,2
yui-s.yahooapis.com@dns.qry.name,0,0,0,0,0,1,1
ap-southeast-1.onemobile.yahoo.com@dns.qry.name,0,0,0,0,0,1,1
data.tradingview.com@dns.qry.name,0,0,0,0,0,1,1
cr-p3.ladsp.jp@dns.qry.name,1,1,0,0,0,1,3
cr-pall.ladsp.com@dns.qry.name,1,1,0,0,0,1,3
fcmatch.youtube.com@dns.qry.name,1,1,0,0,0,1,3
sync-dsp.ad-m.asia@dns.qry.name,1,1,0,0,0,1,3
ads.yahoo.com@dns.qry.name,0,1,0,1,0,1,3
img-s-msn-com.akamaized.net@dns.qry.name,1,0,0,1,1,0,3
otf.msn.com@dns.qry.name,1,0,0,1,1,0,3
api.taboola.com@dns.qry.name,1,0,0,1,1,0,3
googleads4.g.doubleclick.net@dns.qry.name,0,1,0,1,0,1,3
ade.googlesyndication.com@dns.qry.name,0,1,0,1,0,1,3
syndication.twitter.com@dns.qry.name,1,0,0,1,0,0,2
cdn.doubleverify.com@dns.qry.name,0,1,0,1,0,0,2
cdn.flashtalking.com@dns.qry.name,0,1,0,1,0,0,2
cp701.prod.do.dsp.mp.microsoft.com@dns.qry.name,1,0,0,0,1,1,3
ag.innovid.com@dns.qry.name,1,1,0,0,0,1,3
ib.adnxs.com@dns.qry.name,0,1,0,0,0,1,2
ups.analytics.yahoo.com@dns.qry.name,0,1,0,0,0,1,2
pixel.advertising.com@dns.qry.name,0,1,0,0,0,1,2
dns.msftncsi.com@dns.qry.name,1,0,0,0,0,1,2
sp.analytics.yahoo.com@dns.qry.name,0,0,0,0,0,1,1
135.239.116.50.in-addr.arpa@dns.qry.name,1,1,0,0,0,1,3
sync.mathtag.com@dns.qry.name,1,1,0,0,0,1,3
ad.turn.com@dns.qry.name,1,1,0,0,0,1,3
tg.socdm.com@dns.qry.name,1,1,0,0,0,1,3
service.idsync.analytics.yahoo.com@dns.qry.name,0,0,0,0,0,1,1
www.banxia.co@dns.qry.name,1,0,0,0,0,0,1
ssl.gstatic.com@dns.qry.name,1,1,1,1,1,1,6
accounts.google.com@dns.qry.name,1,1,1,1,1,1,6
apis.google.com@dns.qry.name,1,1,0,1,1,1,5
p.adsymptotic.com@dns.qry.name,1,1,0,1,1,1,5
platform.tumblr.com@dns.qry.name,1,0,0,1,0,0,2
twitter.com@dns.qry.name,1,0,0,1,0,0,2
fpdownload.macromedia.com@dns.qry.name,1,0,0,1,0,0,2
geover.prod.do.dsp.mp.microsoft.com@dns.qry.name,1,0,0,0,1,1,3
d3js.org@dns.qry.name,0,0,0,0,1,1,2
geo.yahoo.com@dns.qry.name,0,0,0,0,0,1,1
neutralxe.net@dns.qry.name,1,0,0,1,0,0,2
watson.telemetry.microsoft.com@dns.qry.name,0,1,0,1,1,1,4
tps.doubleverify.com@dns.qry.name,0,1,0,1,0,0,2
s3.amazonaws.com@dns.qry.name,0,1,0,0,0,1,2
cm.g.doubleclick.net@dns.qry.name,1,1,0,1,0,0,3
www.googletagmanager.com@dns.qry.name,1,0,0,0,1,1,3
ctldl.windowsupdate.com@dns.qry.name,1,1,0,1,1,1,5
spclient.wg.spotify.com@dns.qry.name,0,1,0,1,1,1,4
platform.twitter.com@dns.qry.name,1,0,0,1,0,0,2
rtb0.doubleverify.com@dns.qry.name,0,1,0,1,0,0,2
connect.facebook.net@dns.qry.name,0,1,0,0,1,1,3
licensing.mp.microsoft.com@dns.qry.name,1,0,0,0,1,1,3
jp-u.openx.net@dns.qry.name,1,1,0,0,0,1,3
assets.leetcode-cn.com@dns.qry.name,0,1,0,0,0,0,1
cdn.onenote.net@dns.qry.name,1,1,0,1,1,0,4
match.adsrvr.org@dns.qry.name,1,1,0,0,0,1,3
i.ytimg.com@dns.qry.name,0,1,1,1,0,0,3
csi.gstatic.com@dns.qry.name,1,1,0,1,0,1,4
tile-service.weather.microsoft.com@dns.qry.name,1,1,0,1,1,1,5
sb.scorecardresearch.com@dns.qry.name,1,0,0,1,1,1,4
www.bing.com@dns.qry.name,1,0,0,1,1,0,3
ad.doubleclick.net@dns.qry.name,0,1,0,1,0,1,3
pr-bh.ybp.yahoo.com@dns.qry.name,1,1,0,1,1,1,5
s.yimg.com@dns.qry.name,0,0,0,1,1,1,3
s0.2mdn.net@dns.qry.name,0,1,0,1,0,1,3
clientservices.googleapis.com@dns.qry.name,1,1,1,0,1,1,5
content-autofill.googleapis.com@dns.qry.name,1,1,0,0,1,1,4
stats.g.doubleclick.net@dns.qry.name,0,1,0,0,1,1,3
www.google-analytics.com@dns.qry.name,1,1,0,0,0,1,3
vortex.data.microsoft.com@dns.qry.name,0,0,0,0,1,0,1
login.live.com@dns.qry.name,1,1,0,1,1,1,5
www.googletagservices.com@dns.qry.name,1,1,0,1,0,1,4
beacons.gcp.gvt2.com@dns.qry.name,1,1,0,0,1,0,3
token.rubiconproject.com@dns.qry.name,1,1,0,1,0,1,4
securepubads.g.doubleclick.net@dns.qry.name,1,1,1,1,0,1,5
safebrowsing.googleapis.com@dns.qry.name,1,1,0,0,1,1,4
odr.mookie1.com@dns.qry.name,1,1,0,1,0,1,4
partner.googleadservices.com@dns.qry.name,1,1,0,1,0,1,4
adservice.google.com@dns.qry.name,1,1,0,1,1,1,5
adservice.google.com.tw@dns.qry.name,1,1,0,1,0,1,4
www.google.com.tw@dns.qry.name,0,1,1,1,1,1,5
www.facebook.com@dns.qry.name,1,1,0,1,1,1,5
us-u.openx.net@dns.qry.name,1,1,0,1,0,1,4
pagead2.googlesyndication.com@dns.qry.name,1,1,0,1,0,1,4
image6.pubmatic.com@dns.qry.name,1,1,0,1,0,1,4
fonts.googleapis.com@dns.qry.name,1,1,1,1,1,1,6
www.gstatic.com@dns.qry.name,1,1,1,1,1,1,6
cc.adingo.jp@dns.qry.name,1,1,0,1,0,1,4
settings-win.data.microsoft.com@dns.qry.name,1,1,0,1,1,1,5
fonts.gstatic.com@dns.qry.name,1,1,1,1,1,1,6
d.agkn.com@dns.qry.name,1,1,0,1,0,1,4
tpc.googlesyndication.com@dns.qry.name,1,1,1,1,0,1,5
v10.events.data.microsoft.com@dns.qry.name,1,1,0,1,1,1,5
www.google.com@dns.qry.name,1,1,1,1,1,1,6
googleads.g.doubleclick.net@dns.qry.name,1,1,1,1,1,1,6
