x.akamaiedge.net@dns.resp.name,0,0,0,1,0,0,1
n0x.akamaiedge.net@dns.resp.name,0,0,0,1,0,0,1
n1x.akamaiedge.net@dns.resp.name,0,0,0,1,0,0,1
n2x.akamaiedge.net@dns.resp.name,0,0,0,1,0,0,1
n3x.akamaiedge.net@dns.resp.name,0,0,0,1,0,0,1
n4x.akamaiedge.net@dns.resp.name,0,0,0,1,0,0,1
n5x.akamaiedge.net@dns.resp.name,0,0,0,1,0,0,1
n6x.akamaiedge.net@dns.resp.name,0,0,0,1,0,0,1
n7x.akamaiedge.net@dns.resp.name,0,0,0,1,0,0,1
200.197.79.204.in-addr.arpa@dns.resp.name,0,0,0,1,0,0,1
ns1.msedge.net@dns.resp.name,0,0,0,1,0,0,1
skypedataprdcolneu02.cloudapp.net@dns.resp.name,0,0,0,1,0,0,1
16.161.119.in-addr.arpa@dns.resp.name,0,0,0,1,0,0,1
154.63.168.in-addr.arpa@dns.resp.name,0,0,0,1,0,0,1
218.10.106.in-addr.arpa@dns.resp.name,0,0,0,1,0,0,1
id.google.com@dns.resp.name,0,0,0,1,0,0,1
array704.prod.do.dsp.mp.microsoft.com@dns.resp.name,0,0,0,1,0,0,1
array707.prod.do.dsp.mp.microsoft.com@dns.resp.name,0,0,0,1,0,0,1
13.14.113.140.in-addr.arpa@dns.resp.name,0,0,0,1,0,0,1
77.160.217.172.in-addr.arpa@dns.resp.name,0,0,0,1,0,0,1
googleusercontent.com@dns.resp.name,0,0,0,1,0,0,1
r5---sn-hpa7kn7z.googlevideo.com@dns.resp.name,0,0,0,1,0,0,1
r5.sn-hpa7kn7z.googlevideo.com@dns.resp.name,0,0,0,1,0,0,1
r4---sn-un57en7l.googlevideo.com@dns.resp.name,0,0,0,1,0,0,1
r4.sn-un57en7l.googlevideo.com@dns.resp.name,0,0,0,1,0,0,1
r4---sn-un57en7e.googlevideo.com@dns.resp.name,0,0,0,1,0,0,1
r4.sn-un57en7e.googlevideo.com@dns.resp.name,0,0,0,1,0,0,1
www.i-gamer.net@dns.resp.name,0,0,0,1,0,0,1
ns03.domaincontrol.com@dns.resp.name,0,0,0,1,0,0,1
ns04.domaincontrol.com@dns.resp.name,0,0,0,1,0,0,1
70.135.220.in-addr.arpa@dns.resp.name,0,0,0,1,0,0,1
vns1.hinet.net@dns.resp.name,0,0,0,1,0,0,1
vns2.hinet.net@dns.resp.name,0,0,0,1,0,0,1
35.45.in-addr.arpa@dns.resp.name,0,0,0,1,0,0,1
216.104.in-addr.arpa@dns.resp.name,0,0,0,1,0,0,1
e4.akamaiedge.net@dns.resp.name,0,0,0,1,0,0,1
n1e4.akamaiedge.net@dns.resp.name,0,0,0,1,0,0,1
usertrust.com@dns.resp.name,0,0,0,1,0,0,1
95.34.in-addr.arpa@dns.resp.name,0,0,0,1,0,0,1
44.242.54.in-addr.arpa@dns.resp.name,0,0,0,1,0,0,1
comodoca.com@dns.resp.name,0,0,0,1,0,0,1
ns-162.awsdns-20.com@dns.resp.name,0,0,0,1,0,0,1
ns-875.awsdns-45.net@dns.resp.name,0,0,0,1,0,0,1
ns-1041.awsdns-02.org@dns.resp.name,0,0,0,1,0,0,1
ns-2041.awsdns-63.co.uk@dns.resp.name,0,0,0,1,0,0,1
ocsp.godaddy.com@dns.resp.name,0,0,0,1,0,0,1
68.37.35.13.in-addr.arpa@dns.resp.name,0,0,0,1,0,0,1
203.18.in-addr.arpa@dns.resp.name,0,0,0,1,0,0,1
35.166.217.172.in-addr.arpa@dns.resp.name,0,0,0,1,0,0,1
ampproject.org@dns.resp.name,0,0,0,1,0,0,1
us-central1-amp-error-reporting.cloudfunctions.net@dns.resp.name,0,0,0,1,0,0,1
cloudfunctions.net@dns.resp.name,0,0,0,1,0,0,1
36.239.216.in-addr.arpa@dns.resp.name,0,0,0,1,0,0,1
spotxchange.com@dns.resp.name,0,0,0,1,0,0,1
eur5.akam.net@dns.resp.name,0,0,0,1,0,0,1
eur6.akam.net@dns.resp.name,0,0,0,1,0,0,1
use2.akam.net@dns.resp.name,0,0,0,1,0,0,1
usw4.akam.net@dns.resp.name,0,0,0,1,0,0,1
asia1.akam.net@dns.resp.name,0,0,0,1,0,0,1
ns1-82.akam.net@dns.resp.name,0,0,0,1,0,0,1
ns1-99.akam.net@dns.resp.name,0,0,0,1,0,0,1
ocsp.sca1b.amazontrust.com@dns.resp.name,0,0,0,1,0,0,1
amazontrust.com@dns.resp.name,0,0,0,1,0,0,1
ns-419.awsdns-52.com@dns.resp.name,0,0,0,1,0,0,1
ns-612.awsdns-12.net@dns.resp.name,0,0,0,1,0,0,1
ns-1249.awsdns-28.org@dns.resp.name,0,0,0,1,0,0,1
ns-1794.awsdns-32.co.uk@dns.resp.name,0,0,0,1,0,0,1
72.37.35.13.in-addr.arpa@dns.resp.name,0,0,0,1,0,0,1
37.85.231.34.in-addr.arpa@dns.resp.name,0,0,0,1,0,0,1
231.34.in-addr.arpa@dns.resp.name,0,0,0,1,0,0,1
smartadserver.com@dns.resp.name,0,0,0,1,0,0,1
a1-96.akam.net@dns.resp.name,0,0,0,1,0,0,1
a3-64.akam.net@dns.resp.name,0,0,0,1,0,0,1
a4-65.akam.net@dns.resp.name,0,0,0,1,0,0,1
a11-65.akam.net@dns.resp.name,0,0,0,1,0,0,1
a14-66.akam.net@dns.resp.name,0,0,0,1,0,0,1
a22-67.akam.net@dns.resp.name,0,0,0,1,0,0,1
139.33.35.13.in-addr.arpa@dns.resp.name,0,0,0,1,0,0,1
57.37.35.13.in-addr.arpa@dns.resp.name,0,0,0,1,0,0,1
225.3.in-addr.arpa@dns.resp.name,0,0,0,1,0,0,1
17.52.in-addr.arpa@dns.resp.name,0,0,0,1,0,0,1
tps803.doubleverify.com@dns.resp.name,0,0,0,1,0,0,1
tps20801.doubleverify.com@dns.resp.name,0,0,0,1,0,0,1
tps20803.doubleverify.com@dns.resp.name,0,0,0,1,0,0,1
195.9.217.172.in-addr.arpa@dns.resp.name,0,0,0,1,0,0,1
tps804.doubleverify.com@dns.resp.name,0,0,0,1,0,0,1
ns1-204.azure-dns.com@dns.resp.name,0,0,0,1,0,0,1
n0dspg2.akamai.net@dns.resp.name,0,0,0,1,0,0,1
n2dspg2.akamai.net@dns.resp.name,0,0,0,1,0,0,1
n3dspg2.akamai.net@dns.resp.name,0,0,0,1,0,0,1
n5dspg2.akamai.net@dns.resp.name,0,0,0,1,0,0,1
wanda.ns.cloudflare.com@dns.resp.name,0,0,0,1,0,0,1
10.48.182.in-addr.arpa@dns.resp.name,0,0,0,1,0,0,1
28.104.in-addr.arpa@dns.resp.name,0,0,0,1,0,0,1
154.54.in-addr.arpa@dns.resp.name,0,0,0,1,0,0,1
tps20238.doubleverify.com@dns.resp.name,0,0,0,1,0,0,1
scupio.com@dns.resp.name,0,0,0,1,0,0,1
ns-500.awsdns-62.com@dns.resp.name,0,0,0,1,0,0,1
ns-639.awsdns-15.net@dns.resp.name,0,0,0,1,0,0,1
ns-1225.awsdns-25.org@dns.resp.name,0,0,0,1,0,0,1
ns-1834.awsdns-37.co.uk@dns.resp.name,0,0,0,1,0,0,1
219.59.210.in-addr.arpa@dns.resp.name,0,0,0,1,0,0,1
23.37.35.13.in-addr.arpa@dns.resp.name,0,0,0,1,0,0,1
ns-321.awsdns-40.com@dns.resp.name,0,0,0,1,0,0,1
ns-721.awsdns-26.net@dns.resp.name,0,0,0,1,0,0,1
ns-1068.awsdns-05.org@dns.resp.name,0,0,0,1,0,0,1
ns-1555.awsdns-02.co.uk@dns.resp.name,0,0,0,1,0,0,1
36.37.35.13.in-addr.arpa@dns.resp.name,0,0,0,1,0,0,1
24.3.197.209.in-addr.arpa@dns.resp.name,0,0,0,1,0,0,1
tps20811.doubleverify.com@dns.resp.name,0,0,0,1,0,0,1
tps20806.doubleverify.com@dns.resp.name,0,0,0,1,0,0,1
38.75.13.in-addr.arpa@dns.resp.name,0,0,0,0,1,0,1
vscodeexperiments.azureedge.net@dns.resp.name,0,0,0,0,1,0,1
vscodeexperiments.ec.azureedge.net@dns.resp.name,0,0,0,0,1,0,1
uhf.microsoft.com@dns.resp.name,0,0,0,0,1,0,1
uhf.microsoft.com.edgekey.net@dns.resp.name,0,0,0,0,1,0,1
e11095.dspg.akamaiedge.net@dns.resp.name,0,0,0,0,1,0,1
api.github.com@dns.resp.name,0,0,0,0,1,0,1
github.com@dns.resp.name,0,0,0,0,1,0,1
ns-421.awsdns-52.com@dns.resp.name,0,0,0,0,1,0,1
ns-520.awsdns-01.net@dns.resp.name,0,0,0,0,1,0,1
ns-1283.awsdns-32.org@dns.resp.name,0,0,0,0,1,0,1
ns-1707.awsdns-21.co.uk@dns.resp.name,0,0,0,0,1,0,1
157.189.233.64.in-addr.arpa@dns.resp.name,0,0,0,0,1,0,1
189.233.64.in-addr.arpa@dns.resp.name,0,0,0,0,1,0,1
113.82.140.in-addr.arpa@dns.resp.name,0,0,0,0,1,0,1
skypedataprdcoljpw01.cloudapp.net@dns.resp.name,0,0,0,0,1,0,1
36.114.52.in-addr.arpa@dns.resp.name,0,0,0,0,1,0,1
n7dspb.akamaiedge.net@dns.resp.name,0,0,0,0,1,0,1
tsfe.trafficshaping.dsp.mp.microsoft.com@dns.resp.name,0,0,0,0,1,0,1
tsfe.trafficmanager.net@dns.resp.name,0,0,0,0,1,0,1
tsfe-prod-hk2.trafficmanager.net@dns.resp.name,0,0,0,0,1,0,1
dscx.akamaiedge.net@dns.resp.name,0,0,0,0,1,0,1
n0dscx.akamaiedge.net@dns.resp.name,0,0,0,0,1,0,1
n1dscx.akamaiedge.net@dns.resp.name,0,0,0,0,1,0,1
n2dscx.akamaiedge.net@dns.resp.name,0,0,0,0,1,0,1
n3dscx.akamaiedge.net@dns.resp.name,0,0,0,0,1,0,1
n4dscx.akamaiedge.net@dns.resp.name,0,0,0,0,1,0,1
n5dscx.akamaiedge.net@dns.resp.name,0,0,0,0,1,0,1
n6dscx.akamaiedge.net@dns.resp.name,0,0,0,0,1,0,1
n7dscx.akamaiedge.net@dns.resp.name,0,0,0,0,1,0,1
dscd.akamai.net@dns.resp.name,0,0,0,0,1,0,1
n0dscd.akamai.net@dns.resp.name,0,0,0,0,1,0,1
n1dscd.akamai.net@dns.resp.name,0,0,0,0,1,0,1
n2dscd.akamai.net@dns.resp.name,0,0,0,0,1,0,1
n3dscd.akamai.net@dns.resp.name,0,0,0,0,1,0,1
n4dscd.akamai.net@dns.resp.name,0,0,0,0,1,0,1
n5dscd.akamai.net@dns.resp.name,0,0,0,0,1,0,1
88.194.113.140.in-addr.arpa@dns.resp.name,0,0,0,0,1,0,1
tlu.dl.delivery.mp.microsoft.com@dns.resp.name,0,0,0,0,1,0,1
2-01-3cf7-000d.cdx.cedexis.net@dns.resp.name,0,0,0,0,1,0,1
tlu.dl.delivery.mp.microsoft.com-c.edgesuite.net@dns.resp.name,0,0,0,0,1,0,1
a1856.dspw65.akamai.net@dns.resp.name,0,0,0,0,1,0,1
dspw65.akamai.net@dns.resp.name,0,0,0,0,1,0,1
n1dspw65.akamai.net@dns.resp.name,0,0,0,0,1,0,1
n2dspw65.akamai.net@dns.resp.name,0,0,0,0,1,0,1
n3dspw65.akamai.net@dns.resp.name,0,0,0,0,1,0,1
n4dspw65.akamai.net@dns.resp.name,0,0,0,0,1,0,1
n5dspw65.akamai.net@dns.resp.name,0,0,0,0,1,0,1
n6dspw65.akamai.net@dns.resp.name,0,0,0,0,1,0,1
241.8.in-addr.arpa@dns.resp.name,0,0,0,0,1,0,1
11.tlu.dl.delivery.mp.microsoft.com@dns.resp.name,0,0,0,0,1,0,1
tlu-dcat.azureedge.net@dns.resp.name,0,0,0,0,1,0,1
tlu-dcat.ec.azureedge.net@dns.resp.name,0,0,0,0,1,0,1
2.tlu.dl.delivery.mp.microsoft.com@dns.resp.name,0,0,0,0,1,0,1
2.tlu.dl.delivery.mp.microsoft.com.edgesuite.net@dns.resp.name,0,0,0,0,1,0,1
a122.dscg3.akamai.net@dns.resp.name,0,0,0,0,1,0,1
n6dscg3.akamai.net@dns.resp.name,0,0,0,0,1,0,1
n7dscg3.akamai.net@dns.resp.name,0,0,0,0,1,0,1
3.dl.delivery.mp.microsoft.com.c.footprint.net@dns.resp.name,0,0,0,0,1,0,1
ejp-breeziest-in.cloudapp.net@dns.resp.name,0,0,0,0,1,0,1
eafd-ffgov-phx01.elasticafd.msedge.azure.us@dns.resp.name,0,0,0,0,1,0,1
elasticafd.msedge.azure.us@dns.resp.name,0,0,0,0,1,0,1
ns1-01.azuregov-dns.us@dns.resp.name,0,0,0,0,1,0,1
ns2-01.azuregov-dns.us@dns.resp.name,0,0,0,0,1,0,1
ns4-01.azuregov-dns.us@dns.resp.name,0,0,0,0,1,0,1
t-ring.msedge.net@dns.resp.name,0,0,0,0,1,0,1
t-ring.t-9999.t-msedge.net@dns.resp.name,0,0,0,0,1,0,1
t-9999.t-msedge.net@dns.resp.name,0,0,0,0,1,0,1
t-msedge.net@dns.resp.name,0,0,0,0,1,0,1
ns1.t-msedge.net@dns.resp.name,0,0,0,0,1,0,1
ns2.t-msedge.net@dns.resp.name,0,0,0,0,1,0,1
c-ring.msedge.net@dns.resp.name,0,0,0,0,1,0,1
c-ring.c-9999.c-msedge.net@dns.resp.name,0,0,0,0,1,0,1
c-9999.c-msedge.net@dns.resp.name,0,0,0,0,1,0,1
onecs-live.azureedge.net@dns.resp.name,0,0,0,0,1,0,1
onecs-live.ec.azureedge.net@dns.resp.name,0,0,0,0,1,0,1
array703-prod.do.dsp.mp.microsoft.com@dns.resp.name,0,0,0,0,1,0,1
ns1-205.microsoft.com.msft.info@dns.resp.name,0,0,0,0,1,0,1
ns2-205.microsoft.com.msftnet.org@dns.resp.name,0,0,0,0,1,0,1
ns3-205.azure-dns.org@dns.resp.name,0,0,0,0,1,0,1
ns4-205.azure-dns.info@dns.resp.name,0,0,0,0,1,0,1
skypedataprdcolneu04.cloudapp.net@dns.resp.name,0,0,0,0,1,0,1
skypedataprdcolase03.cloudapp.net@dns.resp.name,0,0,0,0,1,0,1
ocsp.globalsign.com@dns.resp.name,0,0,0,0,1,0,1
global.prd.cdn.globalsign.com@dns.resp.name,0,0,0,0,1,0,1
cdn.globalsigncdn.com.cdn.cloudflare.net@dns.resp.name,0,0,0,0,1,0,1
akamai.net@dns.resp.name,0,0,0,0,1,0,1
zc.akamaitech.net@dns.resp.name,0,0,0,0,1,0,1
zd.akamaitech.net@dns.resp.name,0,0,0,0,1,0,1
ze.akamaitech.net@dns.resp.name,0,0,0,0,1,0,1
zg.akamaitech.net@dns.resp.name,0,0,0,0,1,0,1
zh.akamaitech.net@dns.resp.name,0,0,0,0,1,0,1
zi.akamaitech.net@dns.resp.name,0,0,0,0,1,0,1
ns1-1.akamaitech.net@dns.resp.name,0,0,0,0,1,0,1
ns2-193.akamaitech.net@dns.resp.name,0,0,0,0,1,0,1
skypedataprdcoljpe04.cloudapp.net@dns.resp.name,0,0,0,0,1,0,1
outlookmobile-office365-tas.msedge.net@dns.resp.name,0,0,0,0,1,0,1
outlookmobile-office365-tas-msedge-net.e-0009.e-msedge.net@dns.resp.name,0,0,0,0,1,0,1
king.com@dns.resp.name,0,0,0,0,1,0,1
pdns2.ultradns.net@dns.resp.name,0,0,0,0,1,0,1
pdns3.ultradns.org@dns.resp.name,0,0,0,0,1,0,1
pdns4.ultradns.org@dns.resp.name,0,0,0,0,1,0,1
pdns5.ultradns.info@dns.resp.name,0,0,0,0,1,0,1
pdns6.ultradns.co.uk@dns.resp.name,0,0,0,0,1,0,1
ns3.lacnic.net@dns.resp.name,0,0,0,0,1,0,1
ns3.afrinic.net@dns.resp.name,0,0,0,0,1,0,1
pri.authdns.ripe.net@dns.resp.name,0,0,0,0,1,0,1
tinnie.arin.net@dns.resp.name,0,0,0,0,1,0,1
settings.data.microsoft.com@dns.resp.name,0,0,0,0,1,0,1
www.msftconnecttest.com@dns.resp.name,0,0,0,0,1,0,1
v4ncsi.msedge.net@dns.resp.name,0,0,0,0,1,0,1
ncsi.4-c-0003.c-msedge.net@dns.resp.name,0,0,0,0,1,0,1
4-c-0003.c-msedge.net@dns.resp.name,0,0,0,0,1,0,1
b-ring.msedge.net@dns.resp.name,0,0,0,0,1,0,1
b-ring.b-9999.b-msedge.net@dns.resp.name,0,0,0,0,1,0,1
b-9999.b-msedge.net@dns.resp.name,0,0,0,0,1,0,1
b-msedge.net@dns.resp.name,0,0,0,0,1,0,1
ns1.b-msedge.net@dns.resp.name,0,0,0,0,1,0,1
ns2.b-msedge.net@dns.resp.name,0,0,0,0,1,0,1
s-ring.msedge.net@dns.resp.name,0,0,0,0,1,0,1
s-ring.s-9999.s-msedge.net@dns.resp.name,0,0,0,0,1,0,1
s-9999.s-msedge.net@dns.resp.name,0,0,0,0,1,0,1
s-msedge.net@dns.resp.name,0,0,0,0,1,0,1
ns1.s-msedge.net@dns.resp.name,0,0,0,0,1,0,1
ns2.s-msedge.net@dns.resp.name,0,0,0,0,1,0,1
spo-ring.msedge.net@dns.resp.name,0,0,0,0,1,0,1
spo-ring.spo-9999.spo-msedge.net@dns.resp.name,0,0,0,0,1,0,1
spo-9999.spo-msedge.net@dns.resp.name,0,0,0,0,1,0,1
spo-msedge.net@dns.resp.name,0,0,0,0,1,0,1
ns1.spo-msedge.net@dns.resp.name,0,0,0,0,1,0,1
0d226e6d715b9caf3448f900e3f6dcaf.clo.footprintdns.com@dns.resp.name,0,0,0,0,1,0,1
geo.trafficmanager.net@dns.resp.name,0,0,0,0,1,0,1
se1prdapp01-canary.cloudapp.net@dns.resp.name,0,0,0,0,1,0,1
fp-vs.azureedge.net@dns.resp.name,0,0,0,0,1,0,1
fp-vs.ec.azureedge.net@dns.resp.name,0,0,0,0,1,0,1
skypedataprdcolase05.cloudapp.net@dns.resp.name,0,0,0,0,1,0,1
www.python.org@dns.resp.name,0,0,0,0,1,0,1
dualstack.python.map.fastly.net@dns.resp.name,0,0,0,0,1,0,1
ithelp.ithome.com.tw@dns.resp.name,0,0,0,0,1,0,1
ithelp-lbs-145875026.ap-northeast-1.elb.amazonaws.com@dns.resp.name,0,0,0,0,1,0,1
ap-northeast-1.elb.amazonaws.com@dns.resp.name,0,0,0,0,1,0,1
ns-54.awsdns-06.com@dns.resp.name,0,0,0,0,1,0,1
ns-982.awsdns-58.net@dns.resp.name,0,0,0,0,1,0,1
ns-1325.awsdns-37.org@dns.resp.name,0,0,0,0,1,0,1
ns-1683.awsdns-18.co.uk@dns.resp.name,0,0,0,0,1,0,1
ns4.cloudflare.net@dns.resp.name,0,0,0,0,1,0,1
cloudflare.com@dns.resp.name,0,0,0,0,1,0,1
ns3.cloudflare.com@dns.resp.name,0,0,0,0,1,0,1
ns4.cloudflare.com@dns.resp.name,0,0,0,0,1,0,1
ns5.cloudflare.com@dns.resp.name,0,0,0,0,1,0,1
ns7.cloudflare.com@dns.resp.name,0,0,0,0,1,0,1
itadapi.ithome.com.tw@dns.resp.name,0,0,0,0,1,0,1
dav395k7pe4za.cloudfront.net@dns.resp.name,0,0,0,0,1,0,1
ns-166.awsdns-20.com@dns.resp.name,0,0,0,0,1,0,1
ns-927.awsdns-51.net@dns.resp.name,0,0,0,0,1,0,1
ns-1257.awsdns-29.org@dns.resp.name,0,0,0,0,1,0,1
ns-1763.awsdns-28.co.uk@dns.resp.name,0,0,0,0,1,0,1
member.ithome.com.tw@dns.resp.name,0,0,0,0,1,0,1
com.tw@dns.resp.name,0,0,0,0,1,0,1
a.twnic.net.tw@dns.resp.name,0,0,0,0,1,0,1
c.twnic.net.tw@dns.resp.name,0,0,0,0,1,0,1
e.twnic.net.tw@dns.resp.name,0,0,0,0,1,0,1
g.twnic.net.tw@dns.resp.name,0,0,0,0,1,0,1
h.dns.tw@dns.resp.name,0,0,0,0,1,0,1
h.twnic.net.tw@dns.resp.name,0,0,0,0,1,0,1
anytld.apnic.net@dns.resp.name,0,0,0,0,1,0,1
238.169.113.13.in-addr.arpa@dns.resp.name,0,0,0,0,1,0,1
113.13.in-addr.arpa@dns.resp.name,0,0,0,0,1,0,1
itadstatic.ithome.com.tw@dns.resp.name,0,0,0,0,1,0,1
d21g6c3ku4ir5e.cloudfront.net@dns.resp.name,0,0,0,0,1,0,1
ns-361.awsdns-45.com@dns.resp.name,0,0,0,0,1,0,1
ns-944.awsdns-54.net@dns.resp.name,0,0,0,0,1,0,1
ns-1058.awsdns-04.org@dns.resp.name,0,0,0,0,1,0,1
ns-1810.awsdns-34.co.uk@dns.resp.name,0,0,0,0,1,0,1
d1dwq032kyr03c.cloudfront.net@dns.resp.name,0,0,0,0,1,0,1
ns-480.awsdns-60.com@dns.resp.name,0,0,0,0,1,0,1
ns-905.awsdns-49.net@dns.resp.name,0,0,0,0,1,0,1
ns-1069.awsdns-05.org@dns.resp.name,0,0,0,0,1,0,1
ns-1869.awsdns-41.co.uk@dns.resp.name,0,0,0,0,1,0,1
114.230.59.210.in-addr.arpa@dns.resp.name,0,0,0,0,1,0,1
230.59.210.in-addr.arpa@dns.resp.name,0,0,0,0,1,0,1
4.37.35.13.in-addr.arpa@dns.resp.name,0,0,0,0,1,0,1
13.in-addr.arpa@dns.resp.name,0,0,0,0,1,0,1
34.37.35.13.in-addr.arpa@dns.resp.name,0,0,0,0,1,0,1
2p66nmmycsj3.statuspage.io@dns.resp.name,0,0,0,0,1,0,1
elb-status-us.statuspage.io@dns.resp.name,0,0,0,0,1,0,1
statuspage.io@dns.resp.name,0,0,0,0,1,0,1
ns-209.awsdns-26.com@dns.resp.name,0,0,0,0,1,0,1
ns-951.awsdns-54.net@dns.resp.name,0,0,0,0,1,0,1
ns-1407.awsdns-47.org@dns.resp.name,0,0,0,0,1,0,1
236.13.in-addr.arpa@dns.resp.name,0,0,0,0,1,0,1
beacons6.gvt2.com@dns.resp.name,0,0,0,0,1,0,1
login.msa.akadns6.net@dns.resp.name,0,0,0,0,1,0,1
ipv4.login.msa.akadns6.net@dns.resp.name,0,0,0,0,1,0,1
akadns6.net@dns.resp.name,0,0,0,0,1,0,1
a5-129.akagtm.org@dns.resp.name,0,0,0,0,1,0,1
a9-131.akadns6.net@dns.resp.name,0,0,0,0,1,0,1
a12-130.akagtm.org@dns.resp.name,0,0,0,0,1,0,1
a18-131.akagtm.org@dns.resp.name,0,0,0,0,1,0,1
138.63.168.in-addr.arpa@dns.resp.name,0,0,0,0,1,0,1
storeedgefd.dsx.mp.microsoft.com@dns.resp.name,0,0,0,0,1,0,1
storeedgefd.xbetservices.akadns.net@dns.resp.name,0,0,0,0,1,0,1
storeedgefd.dsx.mp.microsoft.com.edgekey.net@dns.resp.name,0,0,0,0,1,0,1
storeedgefd.dsx.mp.microsoft.com.edgekey.net.globalredir.akadns.net@dns.resp.name,0,0,0,0,1,0,1
e16646.dscg.akamaiedge.net@dns.resp.name,0,0,0,0,1,0,1
www.microsoft.com@dns.resp.name,0,0,0,0,1,0,1
www.microsoft.com-c-3.edgekey.net@dns.resp.name,0,0,0,0,1,0,1
www.microsoft.com-c-3.edgekey.net.globalredir.akadns.net@dns.resp.name,0,0,0,0,1,0,1
e13678.dspb.akamaiedge.net@dns.resp.name,0,0,0,0,1,0,1
n0dspb.akamaiedge.net@dns.resp.name,0,0,0,0,1,0,1
a-ring-fallback.msedge.net@dns.resp.name,0,0,0,0,1,0,1
a-9999.dc-msedge.net@dns.resp.name,0,0,0,0,1,0,1
dc-msedge.net@dns.resp.name,0,0,0,0,1,0,1
ns2.dc-msedge.net@dns.resp.name,0,0,0,0,1,0,1
33.253.131.in-addr.arpa@dns.resp.name,0,0,0,0,1,0,1
45.200.58.216.in-addr.arpa@dns.resp.name,0,0,0,0,1,0,1
gvt1.com@dns.resp.name,0,0,0,0,1,0,1
v20.events.data.microsoft.com@dns.resp.name,0,0,0,0,1,0,1
skypedataprdcoluks01.cloudapp.net@dns.resp.name,0,0,0,0,1,0,1
azureedge.net@dns.resp.name,0,0,0,0,1,0,1
vmss-prod-eas.southeastasia.cloudapp.azure.com@dns.resp.name,0,0,0,0,1,0,1
32.61.94.104.in-addr.arpa@dns.resp.name,0,0,0,0,1,0,1
os1prdapp01-canary.cloudapp.net@dns.resp.name,0,0,0,0,1,0,1
ow1.res.office365.com@dns.resp.name,0,0,0,0,1,0,1
ow1.res.office365.com.edgekey.net@dns.resp.name,0,0,0,0,1,0,1
e1875.g.akamaiedge.net@dns.resp.name,0,0,0,0,1,0,1
au.download.windowsupdate.com.edgesuite.net@dns.resp.name,0,0,0,0,1,0,1
a767.dscg3.akamai.net@dns.resp.name,0,0,0,0,1,0,1
encrypted-vtbn1.gstatic.com@dns.resp.name,0,0,1,0,0,0,1
12.14.113.140.in-addr.arpa@dns.resp.name,0,0,1,0,0,0,1
bw.scupio.com@dns.resp.name,0,0,0,0,0,1,1
stock.capital.com.tw@dns.resp.name,0,0,0,0,0,1,1
113.189.233.64.in-addr.arpa@dns.resp.name,0,0,0,0,0,1,1
187.233.64.in-addr.arpa@dns.resp.name,0,0,0,0,0,1,1
www.capitalfutures.com.tw@dns.resp.name,0,0,0,0,0,1,1
241.72.211.in-addr.arpa@dns.resp.name,0,0,0,0,0,1,1
dns01.capital.com.tw@dns.resp.name,0,0,0,0,0,1,1
dns02.capital.com.tw@dns.resp.name,0,0,0,0,0,1,1
img.capital.com.tw@dns.resp.name,0,0,0,0,0,1,1
skypedataprdcoleus05.cloudapp.net@dns.resp.name,0,0,0,0,0,1,1
57.195.152.in-addr.arpa@dns.resp.name,0,0,0,0,0,1,1
212.18.1.3.in-addr.arpa@dns.resp.name,0,0,0,0,0,1,1
143.218.10.106.in-addr.arpa@dns.resp.name,0,0,0,0,0,1,1
aka-cdn.adtechus.com@dns.resp.name,0,0,0,0,0,1,1
cs704.wpc.thetacdn.net@dns.resp.name,0,0,0,0,0,1,1
cs701.lb.wpc.apr-1b09e.edgecastdns.net@dns.resp.name,0,0,0,0,0,1,1
cs1697.wpc.thetacdn.net@dns.resp.name,0,0,0,0,0,1,1
44.199.152.in-addr.arpa@dns.resp.name,0,0,0,0,0,1,1
90.104.141.18.in-addr.arpa@dns.resp.name,0,0,0,0,0,1,1
113.186.251.13.in-addr.arpa@dns.resp.name,0,0,0,0,0,1,1
image8.pubmatic.com@dns.resp.name,0,0,0,0,0,1,1
imagesync-sgc.pubmatic.com@dns.resp.name,0,0,0,0,0,1,1
imagesync-sg.pubmatic.com@dns.resp.name,0,0,0,0,0,1,1
138.18.in-addr.arpa@dns.resp.name,0,0,0,0,0,1,1
onevideosync.uplynk.com@dns.resp.name,0,0,0,0,0,1,1
uplynk.adaptv.advertising.com@dns.resp.name,0,0,0,0,0,1,1
uplynk-geo.adap.tv@dns.resp.name,0,0,0,0,0,1,1
uplynk-beacon-1914127361.ap-southeast-1.elb.amazonaws.com@dns.resp.name,0,0,0,0,0,1,1
ns22.criteo.com@dns.resp.name,0,0,0,0,0,1,1
ns26.criteo.com@dns.resp.name,0,0,0,0,0,1,1
ns28.criteo.com@dns.resp.name,0,0,0,0,0,1,1
219.219.76.52.in-addr.arpa@dns.resp.name,0,0,0,0,0,1,1
155.23.125.74.in-addr.arpa@dns.resp.name,0,0,0,0,0,1,1
mathtag.com@dns.resp.name,0,0,0,0,0,1,1
ns1.p06.dynect.net@dns.resp.name,0,0,0,0,0,1,1
ns2.p06.dynect.net@dns.resp.name,0,0,0,0,0,1,1
ns3.p06.dynect.net@dns.resp.name,0,0,0,0,0,1,1
ns4.p06.dynect.net@dns.resp.name,0,0,0,0,0,1,1
21.22.178.18.in-addr.arpa@dns.resp.name,0,0,0,0,0,1,1
186.157.199.54.in-addr.arpa@dns.resp.name,0,0,0,0,0,1,1
141.205.228.13.in-addr.arpa@dns.resp.name,0,0,0,0,0,1,1
81.119.in-addr.arpa@dns.resp.name,0,0,0,0,0,1,1
ns1.arpa.networklayer.com@dns.resp.name,0,0,0,0,0,1,1
ns2.arpa.networklayer.com@dns.resp.name,0,0,0,0,0,1,1
162.102.222.180.in-addr.arpa@dns.resp.name,0,0,0,0,0,1,1
10.248.199.67.in-addr.arpa@dns.resp.name,0,0,0,0,0,1,1
pr.ybp.yahoo.com@dns.resp.name,0,0,0,0,0,1,1
ds-ycpi-pr-ybp.gysm.yahoodns.net@dns.resp.name,0,0,0,0,0,1,1
202.13.204.in-addr.arpa@dns.resp.name,0,0,0,0,0,1,1
ns2.trustwave.com@dns.resp.name,0,0,0,0,0,1,1
ns3.trustwave.com@dns.resp.name,0,0,0,0,0,1,1
ns5.trustwave.com@dns.resp.name,0,0,0,0,0,1,1
68.173.250.13.in-addr.arpa@dns.resp.name,0,0,0,0,0,1,1
104.103.108.124.in-addr.arpa@dns.resp.name,0,0,0,0,0,1,1
geo.pixdns.tw@dns.resp.name,0,0,0,0,0,1,1
gcp-gdns1.pixdns.tw@dns.resp.name,0,0,0,0,0,1,1
gcp-gdns2.pixdns.tw@dns.resp.name,0,0,0,0,0,1,1
ns-cloud-b1.googledomains.com@dns.resp.name,0,0,0,0,0,1,1
ns-cloud-b2.googledomains.com@dns.resp.name,0,0,0,0,0,1,1
ns-cloud-b3.googledomains.com@dns.resp.name,0,0,0,0,0,1,1
ns-cloud-b4.googledomains.com@dns.resp.name,0,0,0,0,0,1,1
wg1.b.yahoo.com@dns.resp.name,0,0,0,0,0,1,1
opus.analytics.yahoo.com@dns.resp.name,0,0,0,0,0,1,1
cs964.wpc.9465e.mucdn.net@dns.resp.name,0,0,0,0,0,1,1
cs964199420.wpc.mucdn.net@dns.resp.name,0,0,0,0,0,1,1
40.199.152.in-addr.arpa@dns.resp.name,0,0,0,0,0,1,1
i.ctnsnet.com@dns.resp.name,0,0,0,0,0,1,1
d5p.de17a.com@dns.resp.name,0,0,0,0,0,1,1
pixel.mathtag.com@dns.resp.name,0,0,0,0,0,1,1
pixel.mathtag.com.edgekey.net@dns.resp.name,0,0,0,0,0,1,1
e6791.b.akamaiedge.net@dns.resp.name,0,0,0,0,0,1,1
aol.socdm.com@dns.resp.name,0,0,0,0,0,1,1
match.adsby.bidtheatre.com@dns.resp.name,0,0,0,0,0,1,1
sync.fout.jp@dns.resp.name,0,0,0,0,0,1,1
verizon.adhaven.com@dns.resp.name,0,0,0,0,0,1,1
px.owneriq.net@dns.resp.name,0,0,0,0,0,1,1
wildcard.owneriq.net.edgekey.net@dns.resp.name,0,0,0,0,0,1,1
e11294.g.akamaiedge.net@dns.resp.name,0,0,0,0,0,1,1
232.202.in-addr.arpa@dns.resp.name,0,0,0,0,0,1,1
220.99.167.in-addr.arpa@dns.resp.name,0,0,0,0,0,1,1
sync-tapi.admatrix.jp@dns.resp.name,0,0,0,0,0,1,1
110.113.95.34.in-addr.arpa@dns.resp.name,0,0,0,0,0,1,1
232.56.94.104.in-addr.arpa@dns.resp.name,0,0,0,0,0,1,1
media.net@dns.resp.name,0,0,0,0,0,1,1
usc5.akam.net@dns.resp.name,0,0,0,0,0,1,1
ns1-106.akam.net@dns.resp.name,0,0,0,0,0,1,1
ns1-109.akam.net@dns.resp.name,0,0,0,0,0,1,1
82.200.131.202.in-addr.arpa@dns.resp.name,0,0,0,0,0,1,1
audex.userreport.com@dns.resp.name,0,0,0,0,0,1,1
d2u28gf9o4d1cv.cloudfront.net@dns.resp.name,0,0,0,0,0,1,1
147.236.10.106.in-addr.arpa@dns.resp.name,0,0,0,0,0,1,1
234.88.197.52.in-addr.arpa@dns.resp.name,0,0,0,0,0,1,1
3.121.193.52.in-addr.arpa@dns.resp.name,0,0,0,0,0,1,1
mt.holmesmind.com@dns.resp.name,0,0,0,0,0,1,1
eb2.3lift.com@dns.resp.name,0,0,0,0,0,1,1
as-eb2.3lift.com@dns.resp.name,0,0,0,0,0,1,1
dualstack.engagement-bus-prod-1742945499.ap-southeast-1.elb.amazonaws.com@dns.resp.name,0,0,0,0,0,1,1
sync.go.sonobi.com@dns.resp.name,0,0,0,0,0,1,1
lax-1-sync.go.sonobi.com@dns.resp.name,0,0,0,0,0,1,1
sync.tidaltv.com@dns.resp.name,0,0,0,0,0,1,1
apsglzdiprd-external-955785624.ap-southeast-1.elb.amazonaws.com@dns.resp.name,0,0,0,0,0,1,1
a.sportradarserving.com@dns.resp.name,0,0,0,0,0,1,1
pool.zagreb.iponweb.net@dns.resp.name,0,0,0,0,0,1,1
elb-aws-fr-zagreb-1702672115.eu-central-1.elb.amazonaws.com@dns.resp.name,0,0,0,0,0,1,1
gu.dyntrk.com@dns.resp.name,0,0,0,0,0,1,1
us-level1.dyntrk.com@dns.resp.name,0,0,0,0,0,1,1
223.29.169.54.in-addr.arpa@dns.resp.name,0,0,0,0,0,1,1
eu-central-1.elb.amazonaws.com@dns.resp.name,0,0,0,0,0,1,1
ns-417.awsdns-52.com@dns.resp.name,0,0,0,0,0,1,1
ns-613.awsdns-12.net@dns.resp.name,0,0,0,0,0,1,1
track.eyeviewads.com@dns.resp.name,0,0,0,0,0,1,1
16.132.136.18.in-addr.arpa@dns.resp.name,0,0,0,0,0,1,1
250.34.72.in-addr.arpa@dns.resp.name,0,0,0,0,0,1,1
136.153.0.3.in-addr.arpa@dns.resp.name,0,0,0,0,0,1,1
173.144.74.52.in-addr.arpa@dns.resp.name,0,0,0,0,0,1,1
204.197.2.204.in-addr.arpa@dns.resp.name,0,0,0,0,0,1,1
180.117.161.51.in-addr.arpa@dns.resp.name,0,0,0,0,0,1,1
209.69.195.18.in-addr.arpa@dns.resp.name,0,0,0,0,0,1,1
visiblemeasures.com@dns.resp.name,0,0,0,0,0,1,1
a.c.appier.net@dns.resp.name,0,0,0,0,0,1,1
115.6.120.3.in-addr.arpa@dns.resp.name,0,0,0,0,0,1,1
17.171.230.44.in-addr.arpa@dns.resp.name,0,0,0,0,0,1,1
dsp.nrich.ai@dns.resp.name,0,0,0,0,0,1,1
99.30.162.139.in-addr.arpa@dns.resp.name,0,0,0,0,0,1,1
68.255.51.in-addr.arpa@dns.resp.name,0,0,0,0,0,1,1
ns11.ovh.net@dns.resp.name,0,0,0,0,0,1,1
dns11.ovh.net@dns.resp.name,0,0,0,0,0,1,1
197.230.157.in-addr.arpa@dns.resp.name,0,0,0,0,0,1,1
176.189.64.54.in-addr.arpa@dns.resp.name,0,0,0,0,0,1,1
112.254.124.13.in-addr.arpa@dns.resp.name,0,0,0,0,0,1,1
skypedataprdcoleus04.cloudapp.net@dns.resp.name,0,0,0,0,0,1,1
skypedataprdcolcus01.cloudapp.net@dns.resp.name,0,0,0,0,0,1,1
11.10.161.119.in-addr.arpa@dns.resp.name,0,0,0,0,0,1,1
151.102.222.180.in-addr.arpa@dns.resp.name,0,0,0,0,0,1,1
usersync.videoamp.com@dns.resp.name,0,0,0,0,0,1,1
user-sync-dc3.videoamp.com@dns.resp.name,0,0,0,0,0,1,1
atp.mxptint.net@dns.resp.name,0,0,0,0,0,1,1
s.amazon-adsystem.com@dns.resp.name,0,0,0,0,0,1,1
rtb.adentifi.com@dns.resp.name,0,0,0,0,0,1,1
tag.yieldoptimizer.com@dns.resp.name,0,0,0,0,0,1,1
videohub.tv@dns.resp.name,0,0,0,0,0,1,1
dns1.p06.nsone.net@dns.resp.name,0,0,0,0,0,1,1
dns2.p06.nsone.net@dns.resp.name,0,0,0,0,0,1,1
dns3.p06.nsone.net@dns.resp.name,0,0,0,0,0,1,1
dns4.p06.nsone.net@dns.resp.name,0,0,0,0,0,1,1
31.13.220.52.in-addr.arpa@dns.resp.name,0,0,0,0,0,1,1
154.23.125.74.in-addr.arpa@dns.resp.name,0,0,0,0,0,1,1
30.246.76.52.in-addr.arpa@dns.resp.name,0,0,0,0,0,1,1
198.152.77.52.in-addr.arpa@dns.resp.name,0,0,0,0,0,1,1
match.prod.bidr.io@dns.resp.name,0,0,0,0,0,1,1
geo.moatads.com@dns.resp.name,0,0,0,0,0,1,1
ecs.mb.moatads.com@dns.resp.name,0,0,0,0,0,1,1
ap-southeast-1.ecs.mb.moatads.com@dns.resp.name,0,0,0,0,0,1,1
nado-ecs-lb-ap-southeast-1-1470597325.ap-southeast-1.elb.amazonaws.com@dns.resp.name,0,0,0,0,0,1,1
apx.moatads.com@dns.resp.name,0,0,0,0,0,1,1
pixel.moatads.com@dns.resp.name,0,0,0,0,0,1,1
pool4.moatads.com@dns.resp.name,0,0,0,0,0,1,1
140.206.21.72.in-addr.arpa@dns.resp.name,0,0,0,0,0,1,1
41.19.162.139.in-addr.arpa@dns.resp.name,0,0,0,0,0,1,1
9.20.190.35.in-addr.arpa@dns.resp.name,0,0,0,0,0,1,1
125.122.54.52.in-addr.arpa@dns.resp.name,0,0,0,0,0,1,1
193.52.in-addr.arpa@dns.resp.name,0,0,0,0,0,1,1
0.207.250.54.in-addr.arpa@dns.resp.name,0,0,0,0,0,1,1
117.21.138.18.in-addr.arpa@dns.resp.name,0,0,0,0,0,1,1
182.181.129.174.in-addr.arpa@dns.resp.name,0,0,0,0,0,1,1
90.43.103.in-addr.arpa@dns.resp.name,0,0,0,0,0,1,1
a01.apxns.com@dns.resp.name,0,0,0,0,0,1,1
a02.xsdns.net@dns.resp.name,0,0,0,0,0,1,1
z01.apxns.com@dns.resp.name,0,0,0,0,0,1,1
z02.xsdns.net@dns.resp.name,0,0,0,0,0,1,1
a18-128.akagtm.org@dns.resp.name,0,0,0,0,0,1,1
ladsp.com@dns.resp.name,0,0,0,0,0,1,1
ns-15.awsdns-01.com@dns.resp.name,0,0,0,0,0,1,1
ns-886.awsdns-46.net@dns.resp.name,0,0,0,0,0,1,1
ns-1255.awsdns-28.org@dns.resp.name,0,0,0,0,0,1,1
ns-1972.awsdns-54.co.uk@dns.resp.name,0,0,0,0,0,1,1
lb3-cap-ash1.technoratimedia.com@dns.resp.name,0,0,0,0,0,1,1
cap-use1.technoratimedia.com@dns.resp.name,0,0,0,0,0,1,1
ads-east1-132899269.us-east-1.elb.amazonaws.com@dns.resp.name,0,0,0,0,0,1,1
r.turn.com@dns.resp.name,0,0,0,0,0,1,1
r.turn.com.akadns.net@dns.resp.name,0,0,0,0,0,1,1
74.163.35.13.in-addr.arpa@dns.resp.name,0,0,0,0,0,1,1
122.193.in-addr.arpa@dns.resp.name,0,0,0,0,0,1,1
www.cna.com.tw@dns.resp.name,0,0,0,0,0,1,1
adtech.com@dns.resp.name,0,0,0,0,0,1,1
uat-net.technoratimedia.com@dns.resp.name,0,0,0,0,0,1,1
cap-ash1.technoratimedia.com@dns.resp.name,0,0,0,0,0,1,1
dsp.adfarm1.adition.com@dns.resp.name,0,0,0,0,0,1,1
match.rundsp.com@dns.resp.name,0,0,0,0,0,1,1
bfp.dotomi.weighted.com.akadns.net@dns.resp.name,0,0,0,0,0,1,1
sjc02-bfp02-ds.mediaplex.com@dns.resp.name,0,0,0,0,0,1,1
sync.adotmob.com@dns.resp.name,0,0,0,0,0,1,1
ns-1793.awsdns-32.co.uk@dns.resp.name,0,0,0,0,0,1,1
33across.com@dns.resp.name,0,0,0,0,0,1,1
amanad.adtdp.com@dns.resp.name,0,0,0,0,0,1,1
ns-628.awsdns-14.net@dns.resp.name,0,0,0,0,0,1,1
ns-1304.awsdns-35.org@dns.resp.name,0,0,0,0,0,1,1
ns-1665.awsdns-16.co.uk@dns.resp.name,0,0,0,0,0,1,1
87.180.205.in-addr.arpa@dns.resp.name,0,0,0,0,0,1,1
136.150.in-addr.arpa@dns.resp.name,0,0,0,0,0,1,1
118.159.114.85.in-addr.arpa@dns.resp.name,0,0,0,0,0,1,1
112.183.185.in-addr.arpa@dns.resp.name,0,0,0,0,0,1,1
0.67.192.34.in-addr.arpa@dns.resp.name,0,0,0,0,0,1,1
119.7.35.13.in-addr.arpa@dns.resp.name,0,0,0,0,0,1,1
174.21.208.54.in-addr.arpa@dns.resp.name,0,0,0,0,0,1,1
17.100.208.in-addr.arpa@dns.resp.name,0,0,0,0,0,1,1
ra.steadfastdns.net@dns.resp.name,0,0,0,0,0,1,1
rb.steadfastdns.net@dns.resp.name,0,0,0,0,0,1,1
any-spcms-global.pbp.ysm.yahoodns.net@dns.resp.name,0,0,0,0,0,1,1
63.186.76.52.in-addr.arpa@dns.resp.name,0,0,0,0,0,1,1
150.11.137.98.in-addr.arpa@dns.resp.name,0,0,0,0,0,1,1
encrypted-tbn3.gstatic.com@dns.resp.name,0,0,0,0,0,1,1
encrypted-tbn1.gstatic.com@dns.resp.name,0,0,0,0,0,1,1
ctnsnet.com@dns.resp.name,0,0,0,0,0,1,1
251.78.136.18.in-addr.arpa@dns.resp.name,0,0,0,0,0,1,1
cs.r-ad.ne.jp@dns.resp.name,0,0,0,0,0,1,1
sync.dsp.reemo-ad.jp@dns.resp.name,0,0,0,0,0,1,1
site-112901315975.gslb6.sakura.ne.jp@dns.resp.name,0,0,0,0,0,1,1
bypass.ad-stir.com@dns.resp.name,0,0,0,0,0,1,1
bypassn.bypass.jp@dns.resp.name,0,0,0,0,0,1,1
v9999.adv.admeme.net@dns.resp.name,0,0,0,0,0,1,1
20140317VPCAdvAdmeme2-11051631.ap-northeast-1.elb.amazonaws.com@dns.resp.name,0,0,0,0,0,1,1
68.217.65.54.in-addr.arpa@dns.resp.name,0,0,0,0,0,1,1
196.124.177.18.in-addr.arpa@dns.resp.name,0,0,0,0,0,1,1
135.182.1.3.in-addr.arpa@dns.resp.name,0,0,0,0,0,1,1
225.47.95.150.in-addr.arpa@dns.resp.name,0,0,0,0,0,1,1
bttrack.com@dns.resp.name,0,0,0,0,0,1,1
config.edge.skype.com@dns.resp.name,0,0,0,0,0,1,1
config.edge.skype.com.trafficmanager.net@dns.resp.name,0,0,0,0,0,1,1
s-0001.config.skype.com@dns.resp.name,0,0,0,0,0,1,1
config-edge-skype-com.s-0001.s-msedge.net@dns.resp.name,0,0,0,0,0,1,1
s-0001.s-msedge.net@dns.resp.name,0,0,0,0,0,1,1
officehomeblobs.blob.core.windows.net@dns.resp.name,0,0,0,0,0,1,1
blob.ch1prdstr06a.store.core.windows.net@dns.resp.name,0,0,0,0,0,1,1
da.xboxservices.com@dns.resp.name,0,0,0,0,0,1,1
xbet-afd-prod.azurefd.net@dns.resp.name,0,0,0,0,0,1,1
116.40.in-addr.arpa@dns.resp.name,0,0,0,0,0,1,1
71.155.66.in-addr.arpa@dns.resp.name,0,0,0,0,0,1,1
40.236.10.106.in-addr.arpa@dns.resp.name,0,0,0,0,0,1,1
skypedataprdcoleus12.cloudapp.net@dns.resp.name,0,0,0,0,0,1,1
ds.uncn.jp@dns.resp.name,0,0,0,0,0,1,1
app.cauly.co.kr@dns.resp.name,0,0,0,0,0,1,1
25.230.197.52.in-addr.arpa@dns.resp.name,0,0,0,0,0,1,1
84.83.194.18.in-addr.arpa@dns.resp.name,0,0,0,0,0,1,1
p4-eimvsv6ubraba-e7s2n5dyz6hgexhz-if-v6exp3-v4.metric.gstatic.com@dns.resp.name,0,0,0,0,0,1,1
cs.chocolateplatform.com@dns.resp.name,0,0,0,0,0,1,1
google.dap.fw-ad.jp@dns.resp.name,0,0,0,0,0,1,1
bac11e86-dsp-dspcommon-86ae-2117093937.ap-northeast-1.elb.amazonaws.com@dns.resp.name,0,0,0,0,0,1,1
iponweb.net@dns.resp.name,0,0,0,0,0,1,1
ns5.iponweb.net@dns.resp.name,0,0,0,0,0,1,1
ns6.iponweb.net@dns.resp.name,0,0,0,0,0,1,1
ns7.iponweb.net@dns.resp.name,0,0,0,0,0,1,1
ns8.iponweb.net@dns.resp.name,0,0,0,0,0,1,1
ns9.iponweb.net@dns.resp.name,0,0,0,0,0,1,1
ns10.iponweb.net@dns.resp.name,0,0,0,0,0,1,1
ns11.iponweb.net@dns.resp.name,0,0,0,0,0,1,1
154.50.193.52.in-addr.arpa@dns.resp.name,0,0,0,0,0,1,1
249.109.213.35.in-addr.arpa@dns.resp.name,0,0,0,0,0,1,1
24.115.210.54.in-addr.arpa@dns.resp.name,0,0,0,0,0,1,1
162.122.0.3.in-addr.arpa@dns.resp.name,0,0,0,0,0,1,1
196.172.251.54.in-addr.arpa@dns.resp.name,0,0,0,0,0,1,1
p4-bnilmnyssmpco-s55tx6em2wavov2i-if-v6exp3-v4.metric.gstatic.com@dns.resp.name,0,0,0,0,0,1,1
gdn.socdm.com@dns.resp.name,0,0,0,0,0,1,1
225.186.251.13.in-addr.arpa@dns.resp.name,0,0,0,0,0,1,1
www.infotimes.com.tw@dns.resp.name,0,0,0,0,0,1,1
g1.b.yahoo.com@dns.resp.name,0,0,0,0,0,1,1
rtb2-useast.e-volution.ai@dns.resp.name,0,0,0,0,0,1,1
e-volution.rtb-as-useast.ak-is2.net@dns.resp.name,0,0,0,0,0,1,1
dsp.adkernel.com@dns.resp.name,0,0,0,0,0,1,1
133.137.174.in-addr.arpa@dns.resp.name,0,0,0,0,0,1,1
news.cnyes.com@dns.resp.name,0,0,0,0,0,1,1
news.cnyes.com.edgekey.net@dns.resp.name,0,0,0,0,0,1,1
cimg.cnyes.cool@dns.resp.name,0,0,0,0,0,1,1
cimg.cnyes.cool.edgekey.net@dns.resp.name,0,0,0,0,0,1,1
16.243.116.104.in-addr.arpa@dns.resp.name,0,0,0,0,0,1,1
ns-475.awsdns-59.com@dns.resp.name,0,0,0,0,0,1,1
ns-979.awsdns-58.net@dns.resp.name,0,0,0,0,0,1,1
ns-1169.awsdns-18.org@dns.resp.name,0,0,0,0,0,1,1
ns-356.awsdns-44.com@dns.resp.name,0,0,0,0,0,1,1
ns-921.awsdns-51.net@dns.resp.name,0,0,0,0,0,1,1
ns-1187.awsdns-20.org@dns.resp.name,0,0,0,0,0,1,1
ns-1573.awsdns-04.co.uk@dns.resp.name,0,0,0,0,0,1,1
116.104.in-addr.arpa@dns.resp.name,0,0,0,0,0,1,1
68.219.52.in-addr.arpa@dns.resp.name,0,0,0,0,0,1,1
cdn.onesignal.com@dns.resp.name,0,0,0,0,0,1,1
iotacdn.net@dns.resp.name,0,0,0,0,0,1,1
144.229.192.in-addr.arpa@dns.resp.name,0,0,0,0,0,1,1
88.7.35.13.in-addr.arpa@dns.resp.name,0,0,0,0,0,1,1
player.svc.litv.tv@dns.resp.name,0,0,0,0,0,1,1
d1i3vuqxpwls3g.cloudfront.net@dns.resp.name,0,0,0,0,0,1,1
login.cnyes.com@dns.resp.name,0,0,0,0,0,1,1
login.cnyes.com.edgekey.net@dns.resp.name,0,0,0,0,0,1,1
86.163.35.13.in-addr.arpa@dns.resp.name,0,0,0,0,0,1,1
69.163.35.13.in-addr.arpa@dns.resp.name,0,0,0,0,0,1,1
122.128.178.in-addr.arpa@dns.resp.name,0,0,0,0,0,1,1
tw.popin.cc@dns.resp.name,0,0,0,0,0,1,1
58.7.35.13.in-addr.arpa@dns.resp.name,0,0,0,0,0,1,1
imasdk.googleapis.com@dns.resp.name,0,0,0,0,0,1,1
89.163.35.13.in-addr.arpa@dns.resp.name,0,0,0,0,0,1,1
2.24.217.172.in-addr.arpa@dns.resp.name,0,0,0,0,0,1,1
inrecsys.popin.cc@dns.resp.name,0,0,0,0,0,1,1
r.popin.cc@dns.resp.name,0,0,0,0,0,1,1
onesignal.com@dns.resp.name,0,0,0,0,0,1,1
8f252d662f7139ade59c38cf4135b241.safeframe.googlesyndication.com@dns.resp.name,0,0,0,0,0,1,1
p-yonder.svc.litv.tv@dns.resp.name,0,0,0,0,0,1,1
dkla09j2ki9r.cloudfront.net@dns.resp.name,0,0,0,0,0,1,1
t.ssp.hinet.net@dns.resp.name,0,0,0,0,0,1,1
cdn.aralego.net@dns.resp.name,0,0,0,0,0,1,1
181.129.199.52.in-addr.arpa@dns.resp.name,0,0,0,0,0,1,1
ns-62.awsdns-07.com@dns.resp.name,0,0,0,0,0,1,1
ns-866.awsdns-44.net@dns.resp.name,0,0,0,0,0,1,1
ns-1419.awsdns-49.org@dns.resp.name,0,0,0,0,0,1,1
ns-1779.awsdns-30.co.uk@dns.resp.name,0,0,0,0,0,1,1
136.214.75.203.in-addr.arpa@dns.resp.name,0,0,0,0,0,1,1
106.163.35.13.in-addr.arpa@dns.resp.name,0,0,0,0,0,1,1
11.163.35.13.in-addr.arpa@dns.resp.name,0,0,0,0,0,1,1
cdn.innity.net@dns.resp.name,0,0,0,0,0,1,1
cdn.innity.net.edgekey.net@dns.resp.name,0,0,0,0,0,1,1
e3973.d.akamaiedge.net@dns.resp.name,0,0,0,0,0,1,1
hinet.net@dns.resp.name,0,0,0,0,0,1,1
ans1.hinet.net@dns.resp.name,0,0,0,0,0,1,1
ans2.hinet.net@dns.resp.name,0,0,0,0,0,1,1
ans3.hinet.tw@dns.resp.name,0,0,0,0,0,1,1
ad-specs.guoshipartners.com@dns.resp.name,0,0,0,0,0,1,1
cdnadspecs-onead.cdn.hinet.net@dns.resp.name,0,0,0,0,0,1,1
6.154.71.210.in-addr.arpa@dns.resp.name,0,0,0,0,0,1,1
9.12.68.203.in-addr.arpa@dns.resp.name,0,0,0,0,0,1,1
as.innity.com@dns.resp.name,0,0,0,0,0,1,1
6.96.in-addr.arpa@dns.resp.name,0,0,0,0,0,1,1
6c432207-53bb-44ed-bbf0-3f8ab564b9e1.t.ssp.hinet.net@dns.resp.name,0,0,0,0,0,1,1
194.183.81.119.in-addr.arpa@dns.resp.name,0,0,0,0,0,1,1
onead.onevision.com.tw@dns.resp.name,0,0,0,0,0,1,1
gemius.pl@dns.resp.name,0,0,0,0,0,1,1
ns1.gemius.pl@dns.resp.name,0,0,0,0,0,1,1
ns2.gemius.pl@dns.resp.name,0,0,0,0,0,1,1
ns3.gemius.pl@dns.resp.name,0,0,0,0,0,1,1
optimize.innity.com@dns.resp.name,0,0,0,0,0,1,1
exelator.com@dns.resp.name,0,0,0,0,0,1,1
dns1.p03.nsone.net@dns.resp.name,0,0,0,0,0,1,1
dns2.p03.nsone.net@dns.resp.name,0,0,0,0,0,1,1
dns3.p03.nsone.net@dns.resp.name,0,0,0,0,0,1,1
dns4.p03.nsone.net@dns.resp.name,0,0,0,0,0,1,1
ns01.thetexi.com@dns.resp.name,0,0,0,0,0,1,1
ns02.thetexi.com@dns.resp.name,0,0,0,0,0,1,1
ns03.thetexi.com@dns.resp.name,0,0,0,0,0,1,1
120.69.137.79.in-addr.arpa@dns.resp.name,0,0,0,0,0,1,1
201.183.81.119.in-addr.arpa@dns.resp.name,0,0,0,0,0,1,1
245.65.40.in-addr.arpa@dns.resp.name,0,0,0,0,0,1,1
23debf4f3599fc5539eec6d97a7746c9.safeframe.googlesyndication.com@dns.resp.name,0,0,0,0,0,1,1
241.178.107.in-addr.arpa@dns.resp.name,0,0,0,0,0,1,1
1.251.254.54.in-addr.arpa@dns.resp.name,0,0,0,0,0,1,1
111.75.147.in-addr.arpa@dns.resp.name,0,0,0,0,0,1,1
bsw.digitru.st@dns.resp.name,0,0,0,0,0,1,1
s.trvdp.com@dns.resp.name,0,0,0,0,0,1,1
n3i2c5c2.stackpathcdn.com@dns.resp.name,0,0,0,0,0,1,1
apac-jp-sync.bidswitch.net@dns.resp.name,0,0,0,0,0,1,1
132.82.224.3.in-addr.arpa@dns.resp.name,0,0,0,0,0,1,1
246.120.213.35.in-addr.arpa@dns.resp.name,0,0,0,0,0,1,1
data.ad-score.com@dns.resp.name,0,0,0,0,0,1,1
4.115.211.130.in-addr.arpa@dns.resp.name,0,0,0,0,0,1,1
src.trvdp.com@dns.resp.name,0,0,0,0,0,1,1
c9v3v8k2.stackpathcdn.com@dns.resp.name,0,0,0,0,0,1,1
cnt597.trvdp.com@dns.resp.name,0,0,0,0,0,1,1
k9y2h7z5.stackpathcdn.com@dns.resp.name,0,0,0,0,0,1,1
200.43.248.54.in-addr.arpa@dns.resp.name,0,0,0,0,0,1,1
76.100.23.107.in-addr.arpa@dns.resp.name,0,0,0,0,0,1,1
152.76.74.52.in-addr.arpa@dns.resp.name,0,0,0,0,0,1,1
imageaws.popin.cc@dns.resp.name,0,0,0,0,0,1,1
optimized-by.rubiconproject.com@dns.resp.name,0,0,0,0,0,1,1
optimized-by.rubiconproject.net.akadns.net@dns.resp.name,0,0,0,0,0,1,1
perf-optimized-by.rubiconproject.net.akadns.net@dns.resp.name,0,0,0,0,0,1,1
180.90.43.103.in-addr.arpa@dns.resp.name,0,0,0,0,0,1,1
134.238.169.35.in-addr.arpa@dns.resp.name,0,0,0,0,0,1,1
54.90.43.103.in-addr.arpa@dns.resp.name,0,0,0,0,0,1,1
22.148.221.52.in-addr.arpa@dns.resp.name,0,0,0,0,0,1,1
201.188.44.52.in-addr.arpa@dns.resp.name,0,0,0,0,0,1,1
www.cnyes.com@dns.resp.name,0,0,0,0,0,1,1
www.cnyes.com.edgekey.net@dns.resp.name,0,0,0,0,0,1,1
img.cnyes.com@dns.resp.name,0,0,0,0,0,1,1
chart.cnyes.com@dns.resp.name,0,0,0,0,0,1,1
blog.cnyes.com@dns.resp.name,0,0,0,0,0,1,1
81.163.35.13.in-addr.arpa@dns.resp.name,0,0,0,0,0,1,1
traderoom.cnyes.com@dns.resp.name,0,0,0,0,0,1,1
so.cnyes.com@dns.resp.name,0,0,0,0,0,1,1
api.prod.cnyes.cool@dns.resp.name,0,0,0,0,0,1,1
api.prod.cnyes.cool.edgekey.net@dns.resp.name,0,0,0,0,0,1,1
graph.facebook.com@dns.resp.name,0,0,0,0,0,1,1
api.facebook.com@dns.resp.name,0,0,0,0,0,1,1
star.c10r.facebook.com@dns.resp.name,0,0,0,0,0,1,1
1.87.13.31.in-addr.arpa@dns.resp.name,0,0,0,0,0,1,1
89.7.35.13.in-addr.arpa@dns.resp.name,0,0,0,0,0,1,1
39.163.35.13.in-addr.arpa@dns.resp.name,0,0,0,0,0,1,1
9.7.35.13.in-addr.arpa@dns.resp.name,0,0,0,0,0,1,1
8e6854196587be17ca42ec4dad72c243.safeframe.googlesyndication.com@dns.resp.name,0,0,0,0,0,1,1
imgcache.cnyes.com@dns.resp.name,0,0,0,0,0,1,1
vt.ipinyou.com@dns.resp.name,0,0,0,0,0,1,1
m.one.impact-ad.jp@dns.resp.name,0,0,0,0,0,1,1
elb-aws-jp-dac-marketone-15914135.ap-northeast-1.elb.amazonaws.com@dns.resp.name,0,0,0,0,0,1,1
stats.ipinyou.com@dns.resp.name,0,0,0,0,0,1,1
153.188.178.54.in-addr.arpa@dns.resp.name,0,0,0,0,0,1,1
spcdntip.com@dns.resp.name,0,0,0,0,0,1,1
ns-open1.qq.com@dns.resp.name,0,0,0,0,0,1,1
106.39.in-addr.arpa@dns.resp.name,0,0,0,0,0,1,1
223.248.69.52.in-addr.arpa@dns.resp.name,0,0,0,0,0,1,1
178.116.in-addr.arpa@dns.resp.name,0,0,0,0,0,1,1
images.stockfeel.com.tw@dns.resp.name,0,0,0,0,0,1,1
177.183.68.in-addr.arpa@dns.resp.name,0,0,0,0,0,1,1
stockfeel.disqus.com@dns.resp.name,0,0,0,0,0,1,1
prod.disqus.map.fastlylb.net@dns.resp.name,0,0,0,0,0,1,1
stockfeelapi.com@dns.resp.name,0,0,0,0,0,1,1
script.hotjar.com@dns.resp.name,0,0,0,0,0,1,1
script.hotjar.com.c.section.io@dns.resp.name,0,0,0,0,0,1,1
76.75.13.in-addr.arpa@dns.resp.name,0,0,0,0,0,1,1
192.245.157.in-addr.arpa@dns.resp.name,0,0,0,0,0,1,1
vars.hotjar.com@dns.resp.name,0,0,0,0,0,1,1
vars.hotjar.com.c.section.io@dns.resp.name,0,0,0,0,0,1,1
disqus.com@dns.resp.name,0,0,0,0,0,1,1
c.disquscdn.com@dns.resp.name,0,0,0,0,0,1,1
c.disquscdn.com.cdn.cloudflare.net@dns.resp.name,0,0,0,0,0,1,1
253.230.157.in-addr.arpa@dns.resp.name,0,0,0,0,0,1,1
e14.akamaiedge.net@dns.resp.name,0,0,0,0,0,1,1
n3e14.akamaiedge.net@dns.resp.name,0,0,0,0,0,1,1
n5e14.akamaiedge.net@dns.resp.name,0,0,0,0,0,1,1
n6e14.akamaiedge.net@dns.resp.name,0,0,0,0,0,1,1
n7e14.akamaiedge.net@dns.resp.name,0,0,0,0,0,1,1
s.pixanalytics.com@dns.resp.name,0,0,0,0,0,1,1
d318bwzrhs9a7l.cloudfront.net@dns.resp.name,0,0,0,0,0,1,1
169.21.80.34.in-addr.arpa@dns.resp.name,0,0,0,0,0,1,1
56.100.104.172.in-addr.arpa@dns.resp.name,0,0,0,0,0,1,1
117.83.76.23.in-addr.arpa@dns.resp.name,0,0,0,0,0,1,1
97.163.35.13.in-addr.arpa@dns.resp.name,0,0,0,0,0,1,1
pixanalytics2.pixnet.net@dns.resp.name,0,0,0,0,0,1,1
pixnet-network-falcon.pixanalytics.com@dns.resp.name,0,0,0,0,0,1,1
static.criteo.net@dns.resp.name,0,0,0,0,0,1,1
static.hk5.vip.prod.criteo.net@dns.resp.name,0,0,0,0,0,1,1
a41ad8905cfcae035af23036dc85082c.safeframe.googlesyndication.com@dns.resp.name,0,0,0,0,0,1,1
124.108.23.103.in-addr.arpa@dns.resp.name,0,0,0,0,0,1,1
243.178.107.in-addr.arpa@dns.resp.name,0,0,0,0,0,1,1
central.ck-cdn.com@dns.resp.name,0,0,0,0,0,1,1
s.pixfs.net@dns.resp.name,0,0,0,0,0,1,1
libs.pixfs.net@dns.resp.name,0,0,0,0,0,1,1
p4-alaqsgatoqwws-c2k55wodbm55rgvg-if-v6exp3-v4.metric.gstatic.com@dns.resp.name,0,0,0,0,0,1,1
ae848df7a0bc411ea8d770a90e2cb3f4-1594068851.us-west-2.elb.amazonaws.com@dns.resp.name,0,0,0,0,0,1,1
us-west-2.elb.amazonaws.com@dns.resp.name,0,0,0,0,0,1,1
ns-332.awsdns-41.com@dns.resp.name,0,0,0,0,0,1,1
ns-560.awsdns-06.net@dns.resp.name,0,0,0,0,0,1,1
ns-1475.awsdns-56.org@dns.resp.name,0,0,0,0,0,1,1
ns-1769.awsdns-29.co.uk@dns.resp.name,0,0,0,0,0,1,1
43.56.210.18.in-addr.arpa@dns.resp.name,0,0,0,0,0,1,1
i1.wp.com@dns.resp.name,0,0,0,0,0,1,1
wp.com@dns.resp.name,0,0,0,0,0,1,1
ns1.automattic.com@dns.resp.name,0,0,0,0,0,1,1
ns2.automattic.com@dns.resp.name,0,0,0,0,0,1,1
ns3.automattic.com@dns.resp.name,0,0,0,0,0,1,1
v.akamaiedge.net@dns.resp.name,0,0,0,0,0,1,1
n1v.akamaiedge.net@dns.resp.name,0,0,0,0,0,1,1
n2v.akamaiedge.net@dns.resp.name,0,0,0,0,0,1,1
n3v.akamaiedge.net@dns.resp.name,0,0,0,0,0,1,1
n4v.akamaiedge.net@dns.resp.name,0,0,0,0,0,1,1
n5v.akamaiedge.net@dns.resp.name,0,0,0,0,0,1,1
n6v.akamaiedge.net@dns.resp.name,0,0,0,0,0,1,1
n7v.akamaiedge.net@dns.resp.name,0,0,0,0,0,1,1
2.77.0.192.in-addr.arpa@dns.resp.name,0,0,0,0,0,1,1
f7f37b3101367dfd82e72b0c4c1f7f70.safeframe.googlesyndication.com@dns.resp.name,0,0,0,0,0,1,1
150.104.203.in-addr.arpa@dns.resp.name,0,0,0,0,0,1,1
49.252.220.52.in-addr.arpa@dns.resp.name,0,0,0,0,0,1,1
37.1.228.44.in-addr.arpa@dns.resp.name,0,0,0,0,0,1,1
32e37edf2c1e14f085d6c61bf47937d4.safeframe.googlesyndication.com@dns.resp.name,0,0,0,0,0,1,1
1on1.today@dns.resp.name,0,0,0,0,0,1,1
231.31.82.34.in-addr.arpa@dns.resp.name,0,0,0,0,0,1,1
v0.wordpress.com@dns.resp.name,0,0,0,0,0,1,1
lb.wordpress.com@dns.resp.name,0,0,0,0,0,1,1
92.7.35.13.in-addr.arpa@dns.resp.name,0,0,0,0,0,1,1
235.42.112.50.in-addr.arpa@dns.resp.name,0,0,0,0,0,1,1
72.7.35.13.in-addr.arpa@dns.resp.name,0,0,0,0,0,1,1
32.7.149.in-addr.arpa@dns.resp.name,0,0,0,0,0,1,1
pine-facade.tradingview.com@dns.resp.name,0,0,0,0,0,1,1
pine-facade-us.tradingview.com@dns.resp.name,0,0,0,0,0,1,1
167.106.40.52.in-addr.arpa@dns.resp.name,0,0,0,0,0,1,1
62.1.217.52.in-addr.arpa@dns.resp.name,0,0,0,0,0,1,1
86.12.70.54.in-addr.arpa@dns.resp.name,0,0,0,0,0,1,1
b9080a3c006fd96311d0cffe77680042.safeframe.googlesyndication.com@dns.resp.name,0,0,0,0,0,1,1
99.7.35.13.in-addr.arpa@dns.resp.name,0,0,0,0,0,1,1
305a2d7abf56a8fff25ba600d16d2331.safeframe.googlesyndication.com@dns.resp.name,0,0,0,0,0,1,1
6.163.35.13.in-addr.arpa@dns.resp.name,0,0,0,0,0,1,1
6270b7928e89c4545ccbcedd77bf9381.safeframe.googlesyndication.com@dns.resp.name,0,0,0,0,0,1,1
97eecb29a50318c8f0e3247aa9c3adaa.safeframe.googlesyndication.com@dns.resp.name,0,0,0,0,0,1,1
37.163.35.13.in-addr.arpa@dns.resp.name,0,0,0,0,0,1,1
61.163.35.13.in-addr.arpa@dns.resp.name,0,0,0,0,0,1,1
fed5d8cc70f11f6945688ce9bfe396bf.safeframe.googlesyndication.com@dns.resp.name,0,0,0,0,0,1,1
9c0035cf59b9ea57ccff10c86dc49da6.safeframe.googlesyndication.com@dns.resp.name,0,0,0,0,0,1,1
78.163.35.13.in-addr.arpa@dns.resp.name,0,0,0,0,0,1,1
a.breaktime.com.tw@dns.resp.name,0,0,0,0,0,1,1
www.blogger.com@dns.resp.name,0,0,0,0,0,1,1
catalyst.breaktime.com.tw@dns.resp.name,0,0,0,0,0,1,1
www.books.com.tw@dns.resp.name,0,0,0,0,0,1,1
www.gtm.books.com.tw@dns.resp.name,0,0,0,0,0,1,1
1.bp.blogspot.com@dns.resp.name,0,0,0,0,0,1,1
lh3.googleusercontent.com@dns.resp.name,0,0,0,0,0,1,1
lh6.googleusercontent.com@dns.resp.name,0,0,0,0,0,1,1
58.70.201.35.in-addr.arpa@dns.resp.name,0,0,0,0,0,1,1
115.160.217.172.in-addr.arpa@dns.resp.name,0,0,0,0,0,1,1
41.200.58.216.in-addr.arpa@dns.resp.name,0,0,0,0,0,1,1
alliance.breaktime.com.tw@dns.resp.name,0,0,0,0,0,1,1
www.blogblog.com@dns.resp.name,0,0,0,0,0,1,1
30.250.196.113.in-addr.arpa@dns.resp.name,0,0,0,0,0,1,1
40.138.244.35.in-addr.arpa@dns.resp.name,0,0,0,0,0,1,1
dl.getdropbox.com@dns.resp.name,0,0,0,0,0,1,1
edge-misc.dropbox-dns.com@dns.resp.name,0,0,0,0,0,1,1
power.adhacker.online@dns.resp.name,0,0,0,0,0,1,1
article.adhacker.online@dns.resp.name,0,0,0,0,0,1,1
89.84.98.34.in-addr.arpa@dns.resp.name,0,0,0,0,0,1,1
dl.dropbox.com@dns.resp.name,0,0,0,0,0,1,1
dl.dropboxusercontent.com@dns.resp.name,0,0,0,0,0,1,1
www.dropbox.com@dns.resp.name,0,0,0,0,0,1,1
www.dropbox-dns.com@dns.resp.name,0,0,0,0,0,1,1
external-tpe1-1.xx.fbcdn.net@dns.resp.name,0,0,0,0,0,1,1
www.ptt.cc@dns.resp.name,0,0,0,0,0,1,1
images.ptt.cc@dns.resp.name,0,0,0,0,0,1,1
s.imgur.com@dns.resp.name,0,0,0,0,0,1,1
31.104.in-addr.arpa@dns.resp.name,0,0,0,0,0,1,1
imgur.com@dns.resp.name,0,0,0,0,0,1,1
secure.quantserve.com@dns.resp.name,0,0,0,0,0,1,1
rules.quantcount.com@dns.resp.name,0,0,0,0,0,1,1
d2fashanjl7d9f.cloudfront.net@dns.resp.name,0,0,0,0,0,1,1
www.etoro.com@dns.resp.name,0,0,0,0,0,1,1
www-failover.etoro.akadns.net@dns.resp.name,0,0,0,0,0,1,1
www.etoro.akadns.net@dns.resp.name,0,0,0,0,0,1,1
ve5sk.x.incapdns.net@dns.resp.name,0,0,0,0,0,1,1
59.194.154.107.in-addr.arpa@dns.resp.name,0,0,0,0,0,1,1
6440710.fls.doubleclick.net@dns.resp.name,0,0,0,0,0,1,1
static.ads-twitter.com@dns.resp.name,0,0,0,0,0,1,1
9944765.fls.doubleclick.net@dns.resp.name,0,0,0,0,0,1,1
210.61.94.104.in-addr.arpa@dns.resp.name,0,0,0,0,0,1,1
t.co@dns.resp.name,0,0,0,0,0,1,1
etorologsapi.etoro.com@dns.resp.name,0,0,0,0,0,1,1
etorologsapi.etoro.akadns.net@dns.resp.name,0,0,0,0,0,1,1
prod-etorologsapi.trafficmanager.net@dns.resp.name,0,0,0,0,0,1,1
prod-etorologsapi-north.cloudapp.net@dns.resp.name,0,0,0,0,0,1,1
223.69.40.in-addr.arpa@dns.resp.name,0,0,0,0,0,1,1
cx.atdmt.com@dns.resp.name,0,0,0,0,0,1,1
push-lightstreamer.cloud.etoro.com@dns.resp.name,0,0,0,0,0,1,1
push-real.etoro.akadns.net@dns.resp.name,0,0,0,0,0,1,1
prod-lightstreamer.trafficmanager.net@dns.resp.name,0,0,0,0,0,1,1
push-hap.cloud.etoro.com@dns.resp.name,0,0,0,0,0,1,1
cdn.mxpnl.com@dns.resp.name,0,0,0,0,0,1,1
etoro-px.s3-eu-west-1.amazonaws.com@dns.resp.name,0,0,0,0,0,1,1
s3-r-w.eu-west-1.amazonaws.com@dns.resp.name,0,0,0,0,0,1,1
23.235.186.35.in-addr.arpa@dns.resp.name,0,0,0,0,0,1,1
api-js.mixpanel.com@dns.resp.name,0,0,0,0,0,1,1
t.dcmn.io@dns.resp.name,0,0,0,0,0,1,1
amplify.outbrain.com@dns.resp.name,0,0,0,0,0,1,1
wildcard.outbrain.com.edgekey.net@dns.resp.name,0,0,0,0,0,1,1
e10883.g.akamaiedge.net@dns.resp.name,0,0,0,0,0,1,1
amplifypixel.outbrain.com@dns.resp.name,0,0,0,0,0,1,1
tr.outbrain.com@dns.resp.name,0,0,0,0,0,1,1
44.178.52.in-addr.arpa@dns.resp.name,0,0,0,0,0,1,1
183.34.211.130.in-addr.arpa@dns.resp.name,0,0,0,0,0,1,1
31.223.225.66.in-addr.arpa@dns.resp.name,0,0,0,0,0,1,1
127.223.225.66.in-addr.arpa@dns.resp.name,0,0,0,0,0,1,1
96.102.218.52.in-addr.arpa@dns.resp.name,0,0,0,0,0,1,1
154.54.154.54.in-addr.arpa@dns.resp.name,0,0,0,0,0,1,1
js.adsrvr.org@dns.resp.name,0,0,0,0,0,1,1
dg2iu7dxxehbo.cloudfront.net@dns.resp.name,0,0,0,0,0,1,1
sdk.dcmn.io@dns.resp.name,0,0,0,0,0,1,1
c1.rfihub.net@dns.resp.name,0,0,0,0,0,1,1
wildcard.rfihub.net.edgekey.net@dns.resp.name,0,0,0,0,0,1,1
e4995.g.akamaiedge.net@dns.resp.name,0,0,0,0,0,1,1
insight.adsrvr.org@dns.resp.name,0,0,0,0,0,1,1
analytics.twitter.com@dns.resp.name,0,0,0,0,0,1,1
ads.twitter.com@dns.resp.name,0,0,0,0,0,1,1
s.twitter.com@dns.resp.name,0,0,0,0,0,1,1
20.162.35.13.in-addr.arpa@dns.resp.name,0,0,0,0,0,1,1
57.73.227.13.in-addr.arpa@dns.resp.name,0,0,0,0,0,1,1
cdn.etorostatic.com@dns.resp.name,0,0,0,0,0,1,1
cdn.etoro.akadns.net@dns.resp.name,0,0,0,0,0,1,1
109.92.76.23.in-addr.arpa@dns.resp.name,0,0,0,0,0,1,1
11.8.161.119.in-addr.arpa@dns.resp.name,0,0,0,0,0,1,1
20815068p.rfihub.com@dns.resp.name,0,0,0,0,0,1,1
205.in-addr.arpa@dns.resp.name,0,0,0,0,0,1,1
141.27.217.172.in-addr.arpa@dns.resp.name,0,0,0,0,0,1,1
stags.bluekai.com@dns.resp.name,0,0,0,0,0,1,1
x.dlx.addthis.com@dns.resp.name,0,0,0,0,0,1,1
gtm13.nexac.com@dns.resp.name,0,0,0,0,0,1,1
a16c15f3bd8a211e98bdf02e876f45e0-907508807.us-east-1.elb.amazonaws.com@dns.resp.name,0,0,0,0,0,1,1
smaato.net@dns.resp.name,0,0,0,0,0,1,1
ns-277.awsdns-34.com@dns.resp.name,0,0,0,0,0,1,1
ns-997.awsdns-60.net@dns.resp.name,0,0,0,0,0,1,1
ns-1145.awsdns-15.org@dns.resp.name,0,0,0,0,0,1,1
ns-1745.awsdns-26.co.uk@dns.resp.name,0,0,0,0,0,1,1
beacon.krxd.net@dns.resp.name,0,0,0,0,0,1,1
beacon-pdx-prod.krxd.net@dns.resp.name,0,0,0,0,0,1,1
prod-pdx-beacon-1406086907.us-west-2.elb.amazonaws.com@dns.resp.name,0,0,0,0,0,1,1
live.rezync.com@dns.resp.name,0,0,0,0,0,1,1
prod-zync-elb-150989390.us-west-2.elb.amazonaws.com@dns.resp.name,0,0,0,0,0,1,1
bs.serving-sys.com@dns.resp.name,0,0,0,0,0,1,1
bs.eyeblaster.akadns.net@dns.resp.name,0,0,0,0,0,1,1
bsjp.eyeblaster.akadns.net@dns.resp.name,0,0,0,0,0,1,1
bpi.rtactivate.com@dns.resp.name,0,0,0,0,0,1,1
rtactivateloadbalancer-2076579973.us-east-1.elb.amazonaws.com@dns.resp.name,0,0,0,0,0,1,1
60.209.199.52.in-addr.arpa@dns.resp.name,0,0,0,0,0,1,1
203.177.202.in-addr.arpa@dns.resp.name,0,0,0,0,0,1,1
99.208.232.18.in-addr.arpa@dns.resp.name,0,0,0,0,0,1,1
190.163.221.52.in-addr.arpa@dns.resp.name,0,0,0,0,0,1,1
55.90.43.103.in-addr.arpa@dns.resp.name,0,0,0,0,0,1,1
229.254.178.54.in-addr.arpa@dns.resp.name,0,0,0,0,0,1,1
213.173.203.54.in-addr.arpa@dns.resp.name,0,0,0,0,0,1,1
170.216.223.34.in-addr.arpa@dns.resp.name,0,0,0,0,0,1,1
47.120.20.52.in-addr.arpa@dns.resp.name,0,0,0,0,0,1,1
248.208.225.3.in-addr.arpa@dns.resp.name,0,0,0,0,0,1,1
encrypted-vtbn3.gstatic.com@dns.resp.name,0,0,0,0,0,1,1
encrypted-vtbn2.gstatic.com@dns.resp.name,0,0,0,0,0,1,1
186.77.216.34.in-addr.arpa@dns.resp.name,0,0,0,0,0,1,1
rum-static.pingdom.net@dns.resp.name,0,0,0,0,0,1,1
20.104.in-addr.arpa@dns.resp.name,0,0,0,0,0,1,1
f6f58f14850ba4c992ff3ac95f7ffb16.safeframe.googlesyndication.com@dns.resp.name,0,0,0,0,0,1,1
rum-collector-2.pingdom.net@dns.resp.name,0,0,0,0,0,1,1
prod-dem-collector-elb-611025824.eu-west-1.elb.amazonaws.com@dns.resp.name,0,0,0,0,0,1,1
129.128.250.34.in-addr.arpa@dns.resp.name,0,0,0,0,0,1,1
433b6936b6c464dd43868fc88d66a07f.safeframe.googlesyndication.com@dns.resp.name,0,0,0,0,0,1,1
a381affb6165ca7e8205944fc0cc0972.safeframe.googlesyndication.com@dns.resp.name,0,0,0,0,0,1,1
e938e82cf7c6af3f01c84e5b943e48e4.safeframe.googlesyndication.com@dns.resp.name,0,0,0,0,0,1,1
s3-symbol-logo.tradingview.com@dns.resp.name,0,0,0,0,0,1,1
dgpfe1xgdia62.cloudfront.net@dns.resp.name,0,0,0,0,0,1,1
111.163.35.13.in-addr.arpa@dns.resp.name,0,0,0,0,0,1,1
b1901c311a7773179d29a9bcfbe98602.safeframe.googlesyndication.com@dns.resp.name,0,0,0,0,0,1,1
a4980.casalemedia.com@dns.resp.name,0,0,0,0,0,1,1
5.199.152.in-addr.arpa@dns.resp.name,0,0,0,0,0,1,1
178.188.76.52.in-addr.arpa@dns.resp.name,0,0,0,0,0,1,1
79.125.200.54.in-addr.arpa@dns.resp.name,0,0,0,0,0,1,1
154.204.125.74.in-addr.arpa@dns.resp.name,0,0,0,0,0,1,1
goodinfo.tw@dns.resp.name,0,0,0,0,0,1,1
149.203.250.60.in-addr.arpa@dns.resp.name,0,0,0,0,0,1,1
calendar.google.com@dns.resp.name,0,0,0,0,0,1,1
clients6.google.com@dns.resp.name,0,0,0,0,0,1,1
600cdf45fefcd69cfdb01f64b8f635cb.safeframe.googlesyndication.com@dns.resp.name,0,0,0,0,0,1,1
img.youtube.com@dns.resp.name,0,0,0,0,0,1,1
ytimg.l.google.com@dns.resp.name,0,0,0,0,0,1,1
096feccfdb1ddf62258ae8c6364d3f5e.safeframe.googlesyndication.com@dns.resp.name,0,0,0,0,0,1,1
d27c577f12b226515e0767770f7d06a2.safeframe.googlesyndication.com@dns.resp.name,0,0,0,0,0,1,1
ea94dc4c6470624d23f1062ed645552d.safeframe.googlesyndication.com@dns.resp.name,0,0,0,0,0,1,1
2605959fe194efa987995ecbb3bcac1d.safeframe.googlesyndication.com@dns.resp.name,0,0,0,0,0,1,1
i0.wp.com@dns.resp.name,0,0,0,0,0,1,1
248d66ea2359e9a7de8fe0355915b5ee.safeframe.googlesyndication.com@dns.resp.name,0,0,0,0,0,1,1
code.createjs.com@dns.resp.name,0,0,0,0,0,1,1
san-download.adobe.com.edgekey.net@dns.resp.name,0,0,0,0,0,1,1
e4937.dscd.akamaiedge.net@dns.resp.name,0,0,0,0,0,1,1
87.174.84.54.in-addr.arpa@dns.resp.name,0,0,0,0,0,1,1
skypedataprdcoleus13.cloudapp.net@dns.resp.name,0,0,0,0,0,1,1
vmss-prod-eus2.eastus2.cloudapp.azure.com@dns.resp.name,0,0,0,0,0,1,1
64.167.52.in-addr.arpa@dns.resp.name,0,0,0,0,0,1,1
100.204.125.74.in-addr.arpa@dns.resp.name,0,0,0,0,0,1,1
155.204.125.74.in-addr.arpa@dns.resp.name,0,0,0,0,0,1,1
pgw.udn.com.tw@dns.resp.name,0,0,0,0,0,1,1
pgw.udn.com.tw.edgekey.net@dns.resp.name,0,0,0,0,0,1,1
e5026.b.akamaiedge.net@dns.resp.name,0,0,0,0,0,1,1
12.8.161.119.in-addr.arpa@dns.resp.name,0,0,0,0,0,1,1
174.186.169.54.in-addr.arpa@dns.resp.name,0,0,0,0,0,1,1
ads.yieldmo.com@dns.resp.name,0,0,0,0,0,1,1
rw.yieldmo.com@dns.resp.name,0,0,0,0,0,1,1
ap-southeast-1-ads.yieldmo.com@dns.resp.name,0,0,0,0,0,1,1
rw-yieldmo-com-1673518954.ap-southeast-1.elb.amazonaws.com@dns.resp.name,0,0,0,0,0,1,1
ssp.adriver.ru@dns.resp.name,0,0,0,0,0,1,1
61.150.74.52.in-addr.arpa@dns.resp.name,0,0,0,0,0,1,1
128.222.81.in-addr.arpa@dns.resp.name,0,0,0,0,0,1,1
ns1.adriver.ru@dns.resp.name,0,0,0,0,0,1,1
ap.lijit.com@dns.resp.name,0,0,0,0,0,1,1
vap.lijit.com@dns.resp.name,0,0,0,0,0,1,1
163.191.209.in-addr.arpa@dns.resp.name,0,0,0,0,0,1,1
segments-s.msedge.net@dns.resp.name,0,1,0,0,0,0,1
segments.s-msedge.net@dns.resp.name,0,1,0,0,0,0,1
Edge-Prod-HK2.env.segments.s-msedge.net@dns.resp.name,0,1,0,0,0,0,1
s-9999.segment4-s-msedge.net@dns.resp.name,0,1,0,0,0,0,1
54.200.58.216.in-addr.arpa@dns.resp.name,0,1,0,0,0,0,1
s2.googleusercontent.com@dns.resp.name,0,1,0,0,0,0,1
116.32.239.216.in-addr.arpa@dns.resp.name,0,1,0,0,0,0,1
67.2.217.172.in-addr.arpa@dns.resp.name,0,1,0,0,0,0,1
154.203.125.74.in-addr.arpa@dns.resp.name,0,1,0,0,0,0,1
bam.nr-data.net@dns.resp.name,0,1,0,0,0,0,1
18.242.247.162.in-addr.arpa@dns.resp.name,0,1,0,0,0,0,1
s0.wp.com@dns.resp.name,0,1,0,0,0,0,1
0.gravatar.com@dns.resp.name,0,1,0,0,0,0,1
72.0.192.in-addr.arpa@dns.resp.name,0,1,0,0,0,0,1
32.77.0.192.in-addr.arpa@dns.resp.name,0,1,0,0,0,0,1
78.0.192.in-addr.arpa@dns.resp.name,0,1,0,0,0,0,1
182.248.104.in-addr.arpa@dns.resp.name,0,1,0,0,0,0,1
s3-us-west-1.amazonaws.com@dns.resp.name,0,1,0,0,0,0,1
88.120.219.52.in-addr.arpa@dns.resp.name,0,1,0,0,0,0,1
r5---sn-vgqsrn76.googlevideo.com@dns.resp.name,0,1,0,0,0,0,1
r5.sn-vgqsrn76.googlevideo.com@dns.resp.name,0,1,0,0,0,0,1
86.160.217.172.in-addr.arpa@dns.resp.name,0,1,0,0,0,0,1
4.24.217.172.in-addr.arpa@dns.resp.name,0,1,0,0,0,0,1
r2---sn-p5qlsnz6.googlevideo.com@dns.resp.name,0,1,0,0,0,0,1
r2.sn-p5qlsnz6.googlevideo.com@dns.resp.name,0,1,0,0,0,0,1
7.194.173.in-addr.arpa@dns.resp.name,0,1,0,0,0,0,1
157.203.125.74.in-addr.arpa@dns.resp.name,0,1,0,0,0,0,1
38.195.152.in-addr.arpa@dns.resp.name,0,1,0,0,0,0,1
22.24.217.172.in-addr.arpa@dns.resp.name,0,1,0,0,0,0,1
auto.au.download.windowsupdate.com.c.footprint.net@dns.resp.name,0,1,0,0,0,0,1
onlinejudge.org@dns.resp.name,0,1,0,0,0,0,1
www.udebug.com@dns.resp.name,0,1,0,0,0,0,1
udebug.com@dns.resp.name,0,1,0,0,0,0,1
www.paypalobjects.com@dns.resp.name,0,1,0,0,0,0,1
ppo.glb.paypal.com@dns.resp.name,0,1,0,0,0,0,1
paypal.map.fastly.net@dns.resp.name,0,1,0,0,0,0,1
214.12.217.52.in-addr.arpa@dns.resp.name,0,1,0,0,0,0,1
72.160.217.172.in-addr.arpa@dns.resp.name,0,1,0,0,0,0,1
129.254.52.in-addr.arpa@dns.resp.name,0,1,0,0,0,0,1
31.107.35.52.in-addr.arpa@dns.resp.name,0,1,0,0,0,0,1
134.1.93.104.in-addr.arpa@dns.resp.name,0,1,0,0,0,0,1
25.163.35.13.in-addr.arpa@dns.resp.name,0,1,0,0,0,0,1
227.15.217.172.in-addr.arpa@dns.resp.name,0,1,0,0,0,0,1
uhunt.felix-halim.net@dns.resp.name,0,1,0,0,0,0,1
ghs.googlehosted.com@dns.resp.name,0,1,0,0,0,0,1
147.27.217.172.in-addr.arpa@dns.resp.name,0,1,0,0,0,0,1
69.217.255.51.in-addr.arpa@dns.resp.name,0,1,0,0,0,0,1
static.getclicky.com@dns.resp.name,0,1,0,0,0,0,1
static.getclicky.com.cdn.cloudflare.net@dns.resp.name,0,1,0,0,0,0,1
in.getclicky.com@dns.resp.name,0,1,0,0,0,0,1
150.107.216.52.in-addr.arpa@dns.resp.name,0,1,0,0,0,0,1
72.144.139.18.in-addr.arpa@dns.resp.name,0,1,0,0,0,0,1
160.155.24.100.in-addr.arpa@dns.resp.name,0,1,0,0,0,0,1
wd-prod-cp-as-southeast-1-fe.southeastasia.cloudapp.azure.com@dns.resp.name,0,1,0,0,0,0,1
83.163.52.in-addr.arpa@dns.resp.name,0,1,0,0,0,0,1
b5e4d6c6719c68a1abf3a17c01dab128.safeframe.googlesyndication.com@dns.resp.name,0,1,0,0,0,0,1
adssettings.google.com@dns.resp.name,0,1,0,0,0,0,1
35.10.217.172.in-addr.arpa@dns.resp.name,0,1,0,0,0,0,1
thispointer.com@dns.resp.name,0,1,0,0,0,0,1
live.sekindo.com@dns.resp.name,0,1,0,0,0,0,1
60.39.144.162.in-addr.arpa@dns.resp.name,0,1,0,0,0,0,1
184.164.35.13.in-addr.arpa@dns.resp.name,0,1,0,0,0,0,1
50.244.199.in-addr.arpa@dns.resp.name,0,1,0,0,0,0,1
61.9.216.52.in-addr.arpa@dns.resp.name,0,1,0,0,0,0,1
c.amazon-adsystem.com@dns.resp.name,0,1,0,0,0,0,1
d1ykf07e75w7ss.cloudfront.net@dns.resp.name,0,1,0,0,0,0,1
video.sekindo.com@dns.resp.name,0,1,0,0,0,0,1
naeu.geo.cloudwm-cdn.com@dns.resp.name,0,1,0,0,0,0,1
csync.loopme.me@dns.resp.name,0,1,0,0,0,0,1
mb9eo-7w62j.ads.tremorhub.com@dns.resp.name,0,1,0,0,0,0,1
wildcard-ads-new-1653986885.us-east-1.elb.amazonaws.com@dns.resp.name,0,1,0,0,0,0,1
133.98.228.13.in-addr.arpa@dns.resp.name,0,1,0,0,0,0,1
203.80.224.3.in-addr.arpa@dns.resp.name,0,1,0,0,0,0,1
81.3.35.13.in-addr.arpa@dns.resp.name,0,1,0,0,0,0,1
200.99.81.119.in-addr.arpa@dns.resp.name,0,1,0,0,0,0,1
106.230.136.18.in-addr.arpa@dns.resp.name,0,1,0,0,0,0,1
id5-sync.com@dns.resp.name,0,1,0,0,0,0,1
38.200.58.216.in-addr.arpa@dns.resp.name,0,1,0,0,0,0,1
147.22.165.in-addr.arpa@dns.resp.name,0,1,0,0,0,0,1
193.244.178.107.in-addr.arpa@dns.resp.name,0,1,0,0,0,0,1
97.251.182.18.in-addr.arpa@dns.resp.name,0,1,0,0,0,0,1
166.109.36.54.in-addr.arpa@dns.resp.name,0,1,0,0,0,0,1
211.168.76.52.in-addr.arpa@dns.resp.name,0,1,0,0,0,0,1
42.52.178.18.in-addr.arpa@dns.resp.name,0,1,0,0,0,0,1
255.197.79.52.in-addr.arpa@dns.resp.name,0,1,0,0,0,0,1
237.192.254.54.in-addr.arpa@dns.resp.name,0,1,0,0,0,0,1
eus.rubiconproject.com@dns.resp.name,0,1,0,0,0,0,1
eus.rubiconproject.com.edgekey.net@dns.resp.name,0,1,0,0,0,0,1
e8960.b.akamaiedge.net@dns.resp.name,0,1,0,0,0,0,1
101.183.64.54.in-addr.arpa@dns.resp.name,0,1,0,0,0,0,1
cookiex.ngd.yahoo.com@dns.resp.name,0,1,0,0,0,0,1
159968159362100ad97a0d686834d03d.safeframe.googlesyndication.com@dns.resp.name,0,1,0,0,0,0,1
r3---sn-9gv7lnez.googlevideo.com@dns.resp.name,0,1,0,0,0,0,1
r3.sn-9gv7lnez.googlevideo.com@dns.resp.name,0,1,0,0,0,0,1
14.199.240.157.in-addr.arpa@dns.resp.name,0,1,0,0,0,0,1
101.169.216.52.in-addr.arpa@dns.resp.name,0,1,0,0,0,0,1
tps20805.doubleverify.com@dns.resp.name,0,1,0,0,0,0,1
60.157.64.54.in-addr.arpa@dns.resp.name,0,1,0,0,0,0,1
bk.r-ad.ne.jp@dns.resp.name,0,1,0,0,0,0,1
tps20810.doubleverify.com@dns.resp.name,0,1,0,0,0,0,1
86.44.20.in-addr.arpa@dns.resp.name,0,1,0,0,0,0,1
wd-prod-cp-as-east-1-fe.eastasia.cloudapp.azure.com@dns.resp.name,0,1,0,0,0,0,1
153.63.168.in-addr.arpa@dns.resp.name,0,1,0,0,0,0,1
206.78.216.52.in-addr.arpa@dns.resp.name,0,1,0,0,0,0,1
tps20814.doubleverify.com@dns.resp.name,0,1,0,0,0,0,1
94.26.72.54.in-addr.arpa@dns.resp.name,0,1,0,0,0,0,1
94.69.125.74.in-addr.arpa@dns.resp.name,0,1,0,0,0,0,1
r5---sn-5njj-u2xl.googlevideo.com@dns.resp.name,0,1,0,0,0,0,1
r5.sn-5njj-u2xl.googlevideo.com@dns.resp.name,0,1,0,0,0,0,1
150.27.217.172.in-addr.arpa@dns.resp.name,0,1,0,0,0,0,1
173.169.202.in-addr.arpa@dns.resp.name,0,1,0,0,0,0,1
update.libreoffice.org@dns.resp.name,1,0,0,0,0,0,1
gimli.documentfoundation.org@dns.resp.name,1,0,0,0,0,0,1
201.68.238.89.in-addr.arpa@dns.resp.name,1,0,0,0,0,0,1
224.in-addr.arpa@dns.resp.name,1,0,0,0,0,0,1
ip6.arpa@dns.resp.name,1,0,0,0,0,0,1
239.in-addr.arpa@dns.resp.name,1,0,0,0,0,0,1
179.74.13.in-addr.arpa@dns.resp.name,1,0,0,0,0,0,1
pti.store.microsoft.com@dns.resp.name,1,0,0,0,0,0,1
sfd-production.azurefd.net@dns.resp.name,1,0,0,0,0,0,1
128.114.52.in-addr.arpa@dns.resp.name,1,0,0,0,0,0,1
93.68.13.in-addr.arpa@dns.resp.name,1,0,0,0,0,0,1
35.200.58.216.in-addr.arpa@dns.resp.name,1,0,0,0,0,0,1
skypedataprdcolweu04.cloudapp.net@dns.resp.name,1,0,0,0,0,0,1
75.114.52.in-addr.arpa@dns.resp.name,1,0,0,0,0,0,1
2.34.164.54.in-addr.arpa@dns.resp.name,1,0,0,0,0,0,1
89.248.52.in-addr.arpa@dns.resp.name,1,0,0,0,0,0,1
skypedataprdcolwus14.cloudapp.net@dns.resp.name,1,0,0,0,0,0,1
140.91.138.in-addr.arpa@dns.resp.name,1,0,0,0,0,0,1
array701-prod.do.dsp.mp.microsoft.com@dns.resp.name,1,0,0,0,0,0,1
130.55.94.104.in-addr.arpa@dns.resp.name,1,0,0,0,0,0,1
23.175.52.in-addr.arpa@dns.resp.name,1,0,0,0,0,0,1
emdl.ws.microsoft.com@dns.resp.name,1,0,0,0,0,0,1
fg.v4.emdlws.microsoft.com.nsatc.net@dns.resp.name,1,0,0,0,0,0,1
main.emdlws.microsoft.com.nsatc.net@dns.resp.name,1,0,0,0,0,0,1
emdl.ws.microsoft.com.edgesuite.net@dns.resp.name,1,0,0,0,0,0,1
a1158.g.akamai.net@dns.resp.name,1,0,0,0,0,0,1
cs155.wac.edgecastcdn.net@dns.resp.name,1,0,0,0,0,0,1
neutralx0.net@dns.resp.name,1,0,0,0,0,0,1
237.229.192.in-addr.arpa@dns.resp.name,1,0,0,0,0,0,1
38.85.89.52.in-addr.arpa@dns.resp.name,1,0,0,0,0,0,1
195.30.217.172.in-addr.arpa@dns.resp.name,1,0,0,0,0,0,1
skypedataprdcoljpe00.cloudapp.net@dns.resp.name,1,0,0,0,0,0,1
26.73.13.in-addr.arpa@dns.resp.name,1,0,0,0,0,0,1
skypedataprdcolwus05.cloudapp.net@dns.resp.name,1,0,0,0,0,0,1
159.114.52.in-addr.arpa@dns.resp.name,1,0,0,0,0,0,1
138.204.125.74.in-addr.arpa@dns.resp.name,1,0,0,0,0,0,1
122.109.213.54.in-addr.arpa@dns.resp.name,1,0,0,0,0,0,1
51.65.74.52.in-addr.arpa@dns.resp.name,1,0,0,0,0,0,1
131.26.217.172.in-addr.arpa@dns.resp.name,1,0,0,0,0,0,1
207.229.52.in-addr.arpa@dns.resp.name,1,0,0,0,0,0,1
94.177.233.64.in-addr.arpa@dns.resp.name,1,0,0,0,0,0,1
skypedataprdcolneu03.cloudapp.net@dns.resp.name,1,0,0,0,0,0,1
78.188.20.in-addr.arpa@dns.resp.name,1,0,0,0,0,0,1
139.232.191.in-addr.arpa@dns.resp.name,1,0,0,0,0,0,1
75.67.13.in-addr.arpa@dns.resp.name,1,0,0,0,0,0,1
p4-g4s5re2oytiqa-g3d5gtlkmqlc3lcv-if-v6exp3-v4.metric.gstatic.com@dns.resp.name,1,0,0,0,0,0,1
p4-gqn4vngiypybc-sgzk36lgfdez2jbt-if-v6exp3-v4.metric.gstatic.com@dns.resp.name,1,0,0,0,0,0,1
p4-g4s5re2oytiqa-g3d5gtlkmqlc3lcv-366674-i2-v6exp3.v4.metric.gstatic.com@dns.resp.name,1,0,0,0,0,0,1
p4-g4s5re2oytiqa-g3d5gtlkmqlc3lcv-366674-i1-v6exp3.ds.metric.gstatic.com@dns.resp.name,1,0,0,0,0,0,1
82.160.217.172.in-addr.arpa@dns.resp.name,1,0,0,0,0,0,1
242.200.58.216.in-addr.arpa@dns.resp.name,1,0,0,0,0,0,1
p4-gqn4vngiypybc-sgzk36lgfdez2jbt-689166-i2-v6exp3.v4.metric.gstatic.com@dns.resp.name,1,0,0,0,0,0,1
p4-gqn4vngiypybc-sgzk36lgfdez2jbt-689166-i1-v6exp3.ds.metric.gstatic.com@dns.resp.name,1,0,0,0,0,0,1
18.24.217.172.in-addr.arpa@dns.resp.name,1,0,0,0,0,0,1
p4-g4s5re2oytiqa-g3d5gtlkmqlc3lcv-366674-s1-v6exp3-v4.metric.gstatic.com@dns.resp.name,1,0,0,0,0,0,1
p4-gqn4vngiypybc-sgzk36lgfdez2jbt-689166-s1-v6exp3-v4.metric.gstatic.com@dns.resp.name,1,0,0,0,0,0,1
168.192.in-addr.arpa@dns.resp.name,1,0,0,0,0,0,1
array701.prod.do.dsp.mp.microsoft.com@dns.resp.name,1,0,0,0,0,0,1
array711-prod.do.dsp.mp.microsoft.com@dns.resp.name,1,0,0,0,0,0,1
1.1.1.1.in-addr.arpa@dns.resp.name,1,0,0,0,0,0,1
242.66.53.23.in-addr.arpa@dns.resp.name,1,0,0,0,0,0,1
client.wns.windows.com@dns.resp.name,1,0,0,0,0,0,1
wns.notify.windows.com.akadns.net@dns.resp.name,1,0,0,0,0,0,1
apac1.notify.windows.com.akadns.net@dns.resp.name,1,0,0,0,0,0,1
sg2p.wns.notify.windows.com.akadns.net@dns.resp.name,1,0,0,0,0,0,1
tagr-gcp-odr-use1.mookie1.com@dns.resp.name,1,0,0,0,0,0,1
63.100.96.34.in-addr.arpa@dns.resp.name,1,0,0,0,0,0,1
30.90.190.35.in-addr.arpa@dns.resp.name,1,0,0,0,0,0,1
vmss-prod-wus.westus.cloudapp.azure.com@dns.resp.name,1,0,0,0,0,0,1
vmss-prod-neu.northeurope.cloudapp.azure.com@dns.resp.name,1,0,0,0,0,0,1
155.143.48.23.in-addr.arpa@dns.resp.name,1,0,0,0,0,0,1
94.196.125.74.in-addr.arpa@dns.resp.name,1,0,0,0,0,0,1
85.37.35.13.in-addr.arpa@dns.resp.name,1,0,0,0,0,0,1
51.81.69.203.in-addr.arpa@dns.resp.name,1,0,0,0,0,0,1
81.81.69.203.in-addr.arpa@dns.resp.name,1,0,0,0,0,0,1
iceotf-prod-fe-eastus.cloudapp.net@dns.resp.name,1,0,0,0,0,0,1
116.67.13.in-addr.arpa@dns.resp.name,1,0,0,0,0,0,1
62.220.61.in-addr.arpa@dns.resp.name,1,0,0,0,0,0,1
skypedataprdcoluks00.cloudapp.net@dns.resp.name,1,0,0,0,0,0,1
skypedataprdcolcus04.cloudapp.net@dns.resp.name,1,0,0,0,0,0,1
50.200.58.216.in-addr.arpa@dns.resp.name,1,0,0,0,0,0,1
ns1.dns.ne.jp@dns.resp.name,1,0,0,0,0,0,1
ns2.dns.ne.jp@dns.resp.name,1,0,0,0,0,0,1
p4-cfcoofgaflpg6-ab3g5a65g24qv6om-871272-s1-v6exp3-v4.metric.gstatic.com@dns.resp.name,1,0,0,0,0,0,1
177.130.48.23.in-addr.arpa@dns.resp.name,1,0,0,0,0,0,1
tags.bluekai.com@dns.resp.name,0,0,0,1,0,1,2
smartscreen-prod.microsoft.com@dns.resp.name,1,0,0,1,0,0,2
203.197.79.204.in-addr.arpa@dns.resp.name,1,0,0,1,0,0,2
219.23.in-addr.arpa@dns.resp.name,0,0,0,1,0,1,2
68.160.217.172.in-addr.arpa@dns.resp.name,1,0,0,1,0,0,2
play.google.com@dns.resp.name,0,0,0,1,1,0,2
14.24.217.172.in-addr.arpa@dns.resp.name,0,0,1,1,0,0,2
111.143.51.in-addr.arpa@dns.resp.name,0,1,0,1,0,0,2
ns4.v0cdn.net@dns.resp.name,0,0,0,1,1,0,2
238.200.58.216.in-addr.arpa@dns.resp.name,0,0,0,1,0,1,2
i9.ytimg.com@dns.resp.name,0,1,0,1,0,0,2
226.200.58.216.in-addr.arpa@dns.resp.name,1,0,0,1,0,0,2
216.in-addr.arpa@dns.resp.name,0,0,0,1,0,1,2
70.160.217.172.in-addr.arpa@dns.resp.name,0,0,0,1,0,1,2
14.14.113.140.in-addr.arpa@dns.resp.name,0,0,1,1,0,0,2
l-ring.msedge.net@dns.resp.name,0,0,0,1,1,0,2
l-ring.l-9999.l-msedge.net@dns.resp.name,0,0,0,1,1,0,2
l-9999.l-msedge.net@dns.resp.name,0,0,0,1,1,0,2
l-msedge.net@dns.resp.name,0,0,0,1,1,0,2
ns1.l-msedge.net@dns.resp.name,0,0,0,1,1,0,2
ns2.l-msedge.net@dns.resp.name,0,0,0,1,1,0,2
settingsfd-prod-ea2-endpoint.trafficmanager.net@dns.resp.name,0,0,0,1,1,0,2
evoke-windowsservices-tas.msedge.net@dns.resp.name,0,0,0,1,0,1,2
evoke-windowsservices-tas-msedge-net.e-0009.e-msedge.net@dns.resp.name,0,0,0,1,0,1,2
e-msedge.net@dns.resp.name,0,0,0,1,1,0,2
ns1.e-msedge.net@dns.resp.name,0,0,0,1,1,0,2
ns2.e-msedge.net@dns.resp.name,0,0,0,1,1,0,2
66.160.217.172.in-addr.arpa@dns.resp.name,1,0,0,1,0,0,2
134.27.217.172.in-addr.arpa@dns.resp.name,0,0,0,1,0,1,2
14.37.35.13.in-addr.arpa@dns.resp.name,0,0,0,1,0,1,2
227.35.in-addr.arpa@dns.resp.name,0,0,0,1,0,1,2
d31qbv1cthcecs.cloudfront.net@dns.resp.name,0,0,0,1,0,1,2
tps20802.doubleverify.com@dns.resp.name,0,1,0,1,0,0,2
usc4.akam.net@dns.resp.name,0,0,0,1,0,1,2
ads.stickyadstv.com@dns.resp.name,0,1,0,1,0,0,2
ip1.ads.stickyadstv.com.akadns.net@dns.resp.name,0,1,0,1,0,0,2
ip2.ads.stickyadstv.com.akadns.net@dns.resp.name,0,1,0,1,0,0,2
stickyadstv.com.edgekey.net@dns.resp.name,0,1,0,1,0,0,2
e11676.b.akamaiedge.net@dns.resp.name,0,1,0,1,0,0,2
rec.scupio.com@dns.resp.name,0,0,0,1,0,1,2
code.jquery.com@dns.resp.name,0,0,0,1,0,1,2
cds.s5x3j6q5.hwcdn.net@dns.resp.name,0,0,0,1,0,1,2
tps805.doubleverify.com@dns.resp.name,0,1,0,1,0,0,2
img.scupio.com@dns.resp.name,0,0,0,1,0,1,2
d3l4qajda78th8.cloudfront.net@dns.resp.name,0,0,0,1,0,1,2
3.197.209.in-addr.arpa@dns.resp.name,0,0,0,1,1,0,2
tps800.doubleverify.com@dns.resp.name,0,1,0,1,0,0,2
dspg2.akamai.net@dns.resp.name,0,0,0,1,0,0,1
n1dspg2.akamai.net@dns.resp.name,0,0,0,1,0,0,1
n4dspg2.akamai.net@dns.resp.name,0,0,0,1,0,0,1
n6dspg2.akamai.net@dns.resp.name,0,0,0,1,0,0,1
n7dspg2.akamai.net@dns.resp.name,0,0,0,1,0,0,1
wd-prod-ss-as-east-2-fe.eastasia.cloudapp.azure.com@dns.resp.name,0,0,0,1,0,0,1
ns1-05.azure-dns.com@dns.resp.name,0,0,0,1,0,0,1
ns1prod.6620.azuredns-prd.org@dns.resp.name,0,0,0,1,0,0,1
ns2prod.6620.azuredns-prd.org@dns.resp.name,0,0,0,1,0,0,1
ns2prod.6620.azuredns-prd.info@dns.resp.name,0,0,0,1,0,0,1
ns2.msedge.net@dns.resp.name,0,0,0,1,0,0,1
125.99.23.in-addr.arpa@dns.resp.name,0,0,0,1,0,0,1
ns1.yahoo.com@dns.resp.name,0,0,0,1,0,0,1
ns2.yahoo.com@dns.resp.name,0,0,0,1,0,0,1
ns3.yahoo.com@dns.resp.name,0,0,0,1,0,0,1
ns4.yahoo.com@dns.resp.name,0,0,0,1,0,0,1
ns5.yahoo.com@dns.resp.name,0,0,0,1,0,0,1
iecvlist.microsoft.com@dns.resp.name,0,0,0,1,0,0,1
ie9comview.vo.msecnd.net@dns.resp.name,0,0,0,1,0,0,1
fb3c61c751d648787487dca9283aabbc.clo.footprintdns.com@dns.resp.name,0,0,0,1,0,0,1
ps1prdapp01-canary.cloudapp.net@dns.resp.name,0,0,0,1,0,0,1
156.231.52.in-addr.arpa@dns.resp.name,0,0,0,1,0,0,1
113.140.in-addr.arpa@dns.resp.name,0,0,0,1,0,0,1
ns.NCTU.edu.tw@dns.resp.name,0,0,0,1,0,0,1
ns1.NCHC.org.tw@dns.resp.name,0,0,0,1,0,0,1
ns2.NCTU.edu.tw@dns.resp.name,0,0,0,1,0,0,1
194.173.in-addr.arpa@dns.resp.name,0,0,0,1,0,0,1
fun8.us@dns.resp.name,0,0,0,1,0,0,1
246.70.135.220.in-addr.arpa@dns.resp.name,0,0,0,1,0,0,1
36.249.124.192.in-addr.arpa@dns.resp.name,0,0,0,1,0,0,1
222.51.35.45.in-addr.arpa@dns.resp.name,0,0,0,1,0,0,1
122.16.216.104.in-addr.arpa@dns.resp.name,0,0,0,1,0,0,1
dns1.psychz.net@dns.resp.name,0,0,0,1,0,0,1
dns2.psychz.net@dns.resp.name,0,0,0,1,0,0,1
ns1.as48447.net@dns.resp.name,0,0,0,1,0,0,1
ns2.as48447.net@dns.resp.name,0,0,0,1,0,0,1
ns3.as48447.net@dns.resp.name,0,0,0,1,0,0,1
ocsp.netsolssl.com@dns.resp.name,0,0,0,1,0,0,1
ocsp.comodoca.com@dns.resp.name,0,0,0,1,0,0,1
60.37.35.13.in-addr.arpa@dns.resp.name,0,0,0,1,0,0,1
26.120.174.69.in-addr.arpa@dns.resp.name,0,0,0,1,0,0,1
216.185.205.in-addr.arpa@dns.resp.name,0,0,0,1,0,0,1
tps20808.doubleverify.com@dns.resp.name,0,0,0,1,0,0,1
23.249.124.192.in-addr.arpa@dns.resp.name,0,0,0,1,0,0,1
17.120.174.69.in-addr.arpa@dns.resp.name,0,0,0,1,0,0,1
65.219.17.52.in-addr.arpa@dns.resp.name,0,0,0,1,0,0,1
tps20813.doubleverify.com@dns.resp.name,0,0,0,1,0,0,1
tps20800.doubleverify.com@dns.resp.name,0,0,0,1,0,0,1
tps20809.doubleverify.com@dns.resp.name,0,0,0,1,0,0,1
13.120.174.69.in-addr.arpa@dns.resp.name,0,0,0,1,0,0,1
41.249.124.192.in-addr.arpa@dns.resp.name,0,0,0,1,0,0,1
webglx0.net@dns.resp.name,0,0,0,1,0,0,1
chicdn.net@dns.resp.name,0,0,0,1,0,0,1
wac.edgecastcdn.net@dns.resp.name,0,0,0,1,0,0,1
tps20225.doubleverify.com@dns.resp.name,0,0,0,1,0,0,1
21.120.174.69.in-addr.arpa@dns.resp.name,0,0,0,1,0,0,1
33.187.154.54.in-addr.arpa@dns.resp.name,0,0,0,1,0,0,1
tps20232.doubleverify.com@dns.resp.name,0,0,0,1,0,0,1
tps20239.doubleverify.com@dns.resp.name,0,0,0,1,0,0,1
14.120.174.69.in-addr.arpa@dns.resp.name,0,0,0,1,0,0,1
store-images.s-microsoft.com@dns.resp.name,0,0,0,0,1,1,2
store-images.s-microsoft.com-c.edgekey.net@dns.resp.name,0,0,0,0,1,1,2
e12564.dspb.akamaiedge.net@dns.resp.name,0,0,0,0,1,1,2
cert.int-x3.letsencrypt.org@dns.resp.name,0,0,0,0,1,1,2
crl.root-x1.letsencrypt.org.edgekey.net@dns.resp.name,0,0,0,0,1,1,2
e8652.dscx.akamaiedge.net@dns.resp.name,0,0,0,0,1,1,2
wd-prod-cp-as-southeast-2-fe.southeastasia.cloudapp.azure.com@dns.resp.name,1,0,0,0,1,0,2
microsoft.com@dns.resp.name,1,0,0,0,1,0,2
bubblewitch3mobile.king.com@dns.resp.name,0,0,0,0,1,1,2
253.81.48.185.in-addr.arpa@dns.resp.name,0,0,0,0,1,1,2
maxcdn.bootstrapcdn.com@dns.resp.name,0,1,0,0,1,0,2
cds.j3z9t3p6.hwcdn.net@dns.resp.name,0,1,0,0,1,0,2
cdn.jsdelivr.net@dns.resp.name,0,0,0,0,1,1,2
cdn.jsdelivr.net.cdn.cloudflare.net@dns.resp.name,0,0,0,0,1,1,2
cdnjs.cloudflare.com@dns.resp.name,0,0,0,0,1,1,2
15.3.197.209.in-addr.arpa@dns.resp.name,0,1,0,0,1,0,2
d.ns.xx.fbcdn.net@dns.resp.name,0,0,0,0,1,1,2
ns-1560.awsdns-03.co.uk@dns.resp.name,0,0,0,0,1,1,2
redirector.gvt1.com@dns.resp.name,0,1,0,0,1,0,2
a13-130.akagtm.org@dns.resp.name,0,0,0,0,1,1,2
157.41.94.104.in-addr.arpa@dns.resp.name,0,0,0,0,1,1,2
10.in-addr.arpa@dns.resp.name,1,0,0,0,1,0,2
az764295.vo.msecnd.net@dns.resp.name,0,0,0,0,1,0,1
cs22.wpc.v0cdn.net@dns.resp.name,0,0,0,0,1,0,1
code.visualstudio.com@dns.resp.name,0,0,0,0,1,0,1
vscode.trafficmanager.net@dns.resp.name,0,0,0,0,1,0,1
vscode-westus.azurewebsites.net@dns.resp.name,0,0,0,0,1,0,1
waws-prod-bay-025a.sip.azurewebsites.windows.net@dns.resp.name,0,0,0,0,1,0,1
waws-prod-bay-025a.cloudapp.net@dns.resp.name,0,0,0,0,1,0,1
ns1.p16.dynect.net@dns.resp.name,0,0,0,0,1,0,1
ns2.p16.dynect.net@dns.resp.name,0,0,0,0,1,0,1
ns3.p16.dynect.net@dns.resp.name,0,0,0,0,1,0,1
ns4.p16.dynect.net@dns.resp.name,0,0,0,0,1,0,1
5.113.82.140.in-addr.arpa@dns.resp.name,0,0,0,0,1,0,1
81.184.52.in-addr.arpa@dns.resp.name,0,0,0,0,1,0,1
dspb.akamaiedge.net@dns.resp.name,0,0,0,0,1,0,1
n1dspb.akamaiedge.net@dns.resp.name,0,0,0,0,1,0,1
n2dspb.akamaiedge.net@dns.resp.name,0,0,0,0,1,0,1
n3dspb.akamaiedge.net@dns.resp.name,0,0,0,0,1,0,1
n4dspb.akamaiedge.net@dns.resp.name,0,0,0,0,1,0,1
n5dspb.akamaiedge.net@dns.resp.name,0,0,0,0,1,0,1
n6dspb.akamaiedge.net@dns.resp.name,0,0,0,0,1,0,1
73.189.20.in-addr.arpa@dns.resp.name,0,0,0,0,1,0,1
ns04.freenom.com@dns.resp.name,0,0,0,0,1,0,1
3.tlu.dl.delivery.mp.microsoft.com@dns.resp.name,0,0,0,0,1,0,1
3.tlu.dl.delivery.mp.microsoft.com.c.footprint.net@dns.resp.name,0,0,0,0,1,0,1
c.footprint.net@dns.resp.name,0,0,0,0,1,0,1
usa-b.dns.footprint.net@dns.resp.name,0,0,0,0,1,0,1
usa-d.dns.footprint.net@dns.resp.name,0,0,0,0,1,0,1
apac-a.dns.footprint.net@dns.resp.name,0,0,0,0,1,0,1
174.229.52.in-addr.arpa@dns.resp.name,0,0,0,0,1,0,1
27.67.in-addr.arpa@dns.resp.name,0,0,0,0,1,0,1
dscg3.akamai.net@dns.resp.name,0,0,0,0,1,0,1
n0dscg3.akamai.net@dns.resp.name,0,0,0,0,1,0,1
n1dscg3.akamai.net@dns.resp.name,0,0,0,0,1,0,1
n2dscg3.akamai.net@dns.resp.name,0,0,0,0,1,0,1
n3dscg3.akamai.net@dns.resp.name,0,0,0,0,1,0,1
n4dscg3.akamai.net@dns.resp.name,0,0,0,0,1,0,1
n5dscg3.akamai.net@dns.resp.name,0,0,0,0,1,0,1
southeastasia.cloudapp.azure.com@dns.resp.name,0,0,0,0,1,0,1
ns1-01.azure-dns.com@dns.resp.name,0,0,0,0,1,0,1
ns1prod.6621.azuredns-prd.org@dns.resp.name,0,0,0,0,1,0,1
ns2prod.6621.azuredns-prd.org@dns.resp.name,0,0,0,0,1,0,1
ns2prod.6621.azuredns-prd.info@dns.resp.name,0,0,0,0,1,0,1
c-msedge.net@dns.resp.name,0,0,0,0,1,0,1
ns1.c-msedge.net@dns.resp.name,0,0,0,0,1,0,1
ns2.c-msedge.net@dns.resp.name,0,0,0,0,1,0,1
175.229.52.in-addr.arpa@dns.resp.name,0,0,0,0,1,0,1
7.114.52.in-addr.arpa@dns.resp.name,0,0,0,0,1,0,1
32.114.52.in-addr.arpa@dns.resp.name,0,0,0,0,1,0,1
160.122.40.in-addr.arpa@dns.resp.name,0,0,0,0,1,0,1
32.231.52.in-addr.arpa@dns.resp.name,0,0,0,0,1,0,1
52.65.in-addr.arpa@dns.resp.name,0,0,0,0,1,0,1
6.114.52.in-addr.arpa@dns.resp.name,0,0,0,0,1,0,1
c.ns.xx.fbcdn.net@dns.resp.name,0,0,0,0,1,0,1
82.163.35.13.in-addr.arpa@dns.resp.name,0,0,0,0,1,0,1
150.8.236.13.in-addr.arpa@dns.resp.name,0,0,0,0,1,0,1
hk2prdapp02-canary.clo.footprintdns.com@dns.resp.name,0,0,0,0,1,0,1
83d6003d57ebcb5ad1539500ba54bb18.clo.footprintdns.com@dns.resp.name,0,0,0,0,1,0,1
2b0710a516997749f15d3bbfe5ea94c5.clo.footprintdns.com@dns.resp.name,0,0,0,0,1,0,1
pn1prdapp01-canary.cloudapp.net@dns.resp.name,0,0,0,0,1,0,1
96.211.104.in-addr.arpa@dns.resp.name,0,0,0,0,1,0,1
208.44.20.in-addr.arpa@dns.resp.name,0,0,0,0,1,0,1
5291b1a2cffe1c0cdc0a578592a0f00b.clo.footprintdns.com@dns.resp.name,0,0,0,0,1,0,1
canary.trafficmanager.net@dns.resp.name,0,0,0,0,1,0,1
237.46.104.in-addr.arpa@dns.resp.name,0,0,0,0,1,0,1
fp-vp.azureedge.net@dns.resp.name,0,0,0,0,1,0,1
fp-vp.ec.azureedge.net@dns.resp.name,0,0,0,0,1,0,1
wd-prod-ss-as-east-1-fe.eastasia.cloudapp.azure.com@dns.resp.name,1,0,1,0,0,0,2
202.89.13.in-addr.arpa@dns.resp.name,0,1,0,0,0,1,2
um.simpli.fi@dns.resp.name,0,1,0,0,0,1,2
trc.taboola.com@dns.resp.name,0,1,0,0,0,1,2
12.16.161.119.in-addr.arpa@dns.resp.name,0,1,0,0,0,1,2
181.90.43.103.in-addr.arpa@dns.resp.name,0,1,0,0,0,1,2
114.89.213.35.in-addr.arpa@dns.resp.name,0,1,0,0,0,1,2
ssl.trustwave.com@dns.resp.name,1,0,0,0,0,1,2
102.160.217.172.in-addr.arpa@dns.resp.name,0,1,0,0,0,1,2
rp.gwallet.com@dns.resp.name,0,1,0,0,0,1,2
rt.gsspat.jp@dns.resp.name,0,1,0,0,0,1,2
cs.gssprt.jp@dns.resp.name,0,1,0,0,0,1,2
222.in-addr.arpa@dns.resp.name,0,1,0,0,0,1,2
187.213.61.in-addr.arpa@dns.resp.name,0,1,0,0,0,1,2
113.22.162.139.in-addr.arpa@dns.resp.name,0,1,0,0,0,1,2
simage2.pubmatic.com@dns.resp.name,0,1,0,0,0,1,2
153.160.193.52.in-addr.arpa@dns.resp.name,0,1,0,0,0,1,2
196.214.74.in-addr.arpa@dns.resp.name,0,1,0,0,0,1,2
e.serverbid.com@dns.resp.name,0,1,0,0,0,1,2
rtb.gumgum.com@dns.resp.name,0,1,0,0,0,1,2
image4.pubmatic.com@dns.resp.name,0,1,0,0,0,1,2
simage4.pubmatic.com@dns.resp.name,0,1,0,0,0,1,2
pippio.com@dns.resp.name,0,1,0,0,0,1,2
65.254.178.107.in-addr.arpa@dns.resp.name,0,1,0,0,0,1,2
rc.rlcdn.com@dns.resp.name,0,1,0,0,0,1,2
rc-ext-split.rlcdn.com@dns.resp.name,0,1,0,0,0,1,2
match.taboola.com@dns.resp.name,0,1,0,0,0,1,2
match.zorosrv.com@dns.resp.name,0,1,0,0,0,1,2
trc.taboola.map.fastly.net@dns.resp.name,0,1,0,0,0,1,2
subscription.omnithrottle.com@dns.resp.name,0,1,0,0,0,1,2
ot-kr-elb-1145834030.ap-northeast-2.elb.amazonaws.com@dns.resp.name,0,1,0,0,0,1,2
8.105.96.34.in-addr.arpa@dns.resp.name,0,1,0,0,0,1,2
web-bk-prd-mktpf-jp-610649e67e7d6a20.elb.ap-northeast-1.amazonaws.com@dns.resp.name,0,1,0,0,0,1,2
133.234.176.18.in-addr.arpa@dns.resp.name,0,1,0,0,0,1,2
t-0001.t-msedge.net@dns.resp.name,1,0,0,0,0,1,2
Edge-Prod-HK2r3.ctrl.t-0001.t-msedge.net@dns.resp.name,1,0,0,0,0,1,2
standard.t-0001.t-msedge.net@dns.resp.name,1,0,0,0,0,1,2
sync.adaptv.advertising.com@dns.resp.name,0,1,0,0,0,1,2
log-zone-a-2039716294.ap-southeast-1.elb.amazonaws.com@dns.resp.name,0,1,0,0,0,1,2
232.229.192.in-addr.arpa@dns.resp.name,1,0,0,0,0,1,2
106.160.217.172.in-addr.arpa@dns.resp.name,1,0,0,0,0,1,2
33.200.58.216.in-addr.arpa@dns.resp.name,0,1,0,0,0,1,2
6.24.217.172.in-addr.arpa@dns.resp.name,0,1,0,0,0,1,2
3.163.35.13.in-addr.arpa@dns.resp.name,1,0,0,0,0,1,2
128.156.193.52.in-addr.arpa@dns.resp.name,0,1,0,0,0,1,2
stats.wp.com@dns.resp.name,0,1,0,0,0,1,2
76.0.192.in-addr.arpa@dns.resp.name,0,1,0,0,0,1,2
73.0.192.in-addr.arpa@dns.resp.name,0,1,0,0,0,1,2
104.160.217.172.in-addr.arpa@dns.resp.name,1,0,0,0,0,1,2
242.91.195.34.in-addr.arpa@dns.resp.name,1,0,0,0,0,1,2
225.200.58.216.in-addr.arpa@dns.resp.name,1,0,0,0,0,1,2
8.87.13.31.in-addr.arpa@dns.resp.name,0,1,0,0,0,1,2
11.140.179.54.in-addr.arpa@dns.resp.name,0,1,0,0,0,1,2
dsum-sec.casalemedia.com@dns.resp.name,0,1,0,0,0,1,2
dsum-sec.casalemedia.com.edgekey.net@dns.resp.name,0,1,0,0,0,1,2
36.200.58.216.in-addr.arpa@dns.resp.name,1,0,0,0,0,1,2
110.111.96.34.in-addr.arpa@dns.resp.name,1,0,0,0,0,1,2
156.203.125.74.in-addr.arpa@dns.resp.name,0,1,0,0,0,1,2
99.29.217.172.in-addr.arpa@dns.resp.name,0,1,0,0,0,1,2
nex8.net@dns.resp.name,0,1,0,0,0,1,2
118.225.206.34.in-addr.arpa@dns.resp.name,0,1,0,0,0,1,2
arc.msn.com@dns.resp.name,1,0,0,0,0,1,2
arc.msn.com.nsatc.net@dns.resp.name,1,0,0,0,0,1,2
ris.api.iris.microsoft.com@dns.resp.name,1,0,0,0,0,1,2
ris-prod.trafficmanager.net@dns.resp.name,1,0,0,0,0,1,2
122.75.13.in-addr.arpa@dns.resp.name,1,0,0,0,0,1,2
116.202.85.54.in-addr.arpa@dns.resp.name,0,1,0,0,0,1,2
www.capital.com.tw@dns.resp.name,0,0,0,0,0,1,1
154.187.233.64.in-addr.arpa@dns.resp.name,0,0,0,0,0,1,1
215.241.72.211.in-addr.arpa@dns.resp.name,0,0,0,0,0,1,1
guce.yahoo.com@dns.resp.name,0,0,0,0,0,1,1
real.rotation.guce.aws.oath.cloud@dns.resp.name,0,0,0,0,0,1,1
prod-rotation-v2.guce.aws.oath.cloud@dns.resp.name,0,0,0,0,0,1,1
tag.sp.advertising.com@dns.resp.name,0,0,0,0,0,1,1
cs747173190.wac.omegacdn.net@dns.resp.name,0,0,0,0,0,1,1
aolp-ds-prd.aws.oath.cloud@dns.resp.name,0,0,0,0,0,1,1
ns-493.awsdns-61.com@dns.resp.name,0,0,0,0,0,1,1
ns-901.awsdns-48.net@dns.resp.name,0,0,0,0,0,1,1
ns-1179.awsdns-19.org@dns.resp.name,0,0,0,0,0,1,1
ns-1988.awsdns-56.co.uk@dns.resp.name,0,0,0,0,0,1,1
61.195.152.in-addr.arpa@dns.resp.name,0,0,0,0,0,1,1
2.77.138.18.in-addr.arpa@dns.resp.name,0,0,0,0,0,1,1
criteo.com@dns.resp.name,0,0,0,0,0,1,1
ns23.criteo.com@dns.resp.name,0,0,0,0,0,1,1
ns25.criteo.com@dns.resp.name,0,0,0,0,0,1,1
ns27.criteo.com@dns.resp.name,0,0,0,0,0,1,1
112.211.81.119.in-addr.arpa@dns.resp.name,0,0,0,0,0,1,1
bit.ly@dns.resp.name,0,0,0,0,0,1,1
t.me@dns.resp.name,0,0,0,0,0,1,1
moandfrog.pixnet.net@dns.resp.name,0,0,0,0,0,1,1
front.pixnet.net.geo.pixdns.tw@dns.resp.name,0,0,0,0,0,1,1
tw.mail.yahoo.com@dns.resp.name,0,0,0,0,0,1,1
tw.money.yahoo.com@dns.resp.name,0,0,0,0,0,1,1
tw.sports.yahoo.com@dns.resp.name,0,0,0,0,0,1,1
fd-geoycpi-uno-deluxe.gycpi.b.yahoodns.net@dns.resp.name,0,0,0,0,0,1,1
g03.yahoodns.net@dns.resp.name,0,0,0,0,0,1,1
yahoomode.tumblr.com@dns.resp.name,0,0,0,0,0,1,1
bid.dr.socdm.com@dns.resp.name,0,0,0,0,0,1,1
208.241.202.in-addr.arpa@dns.resp.name,0,0,0,0,0,1,1
198.in-addr.arpa@dns.resp.name,0,0,0,0,0,1,1
dpm.demdex.net@dns.resp.name,0,0,0,0,0,1,1
gslb-2.demdex.net@dns.resp.name,0,0,0,0,0,1,1
edge-tyo3.demdex.net@dns.resp.name,0,0,0,0,0,1,1
dcs-edge-tyo3-624150721.ap-northeast-1.elb.amazonaws.com@dns.resp.name,0,0,0,0,0,1,1
aa.agkn.com@dns.resp.name,0,0,0,0,0,1,1
aa-agkn-com-https-51506257.ap-northeast-1.elb.amazonaws.com@dns.resp.name,0,0,0,0,0,1,1
36.163.35.13.in-addr.arpa@dns.resp.name,0,0,0,0,0,1,1
idpix.media6degrees.com@dns.resp.name,0,0,0,0,0,1,1
idpix.media6degrees.com.cdn.cloudflare.net@dns.resp.name,0,0,0,0,0,1,1
map.media6degrees.com@dns.resp.name,0,0,0,0,0,1,1
map.media6degrees.com.cdn.cloudflare.net@dns.resp.name,0,0,0,0,0,1,1
156.249.227.35.in-addr.arpa@dns.resp.name,0,0,0,0,0,1,1
171.68.255.51.in-addr.arpa@dns.resp.name,0,0,0,0,0,1,1
dt-secure.videohub.tv@dns.resp.name,0,0,0,0,0,1,1
cs.tekblue.net@dns.resp.name,0,0,0,0,0,1,1
67.38.in-addr.arpa@dns.resp.name,0,0,0,0,0,1,1
22.190.193.52.in-addr.arpa@dns.resp.name,0,0,0,0,0,1,1
cr-p1.ladsp.com@dns.resp.name,0,0,0,0,0,1,1
sync.technoratimedia.com@dns.resp.name,0,0,0,0,0,1,1
sync.bfmio.com@dns.resp.name,0,0,0,0,0,1,1
io-cookie-sync-1725936127.us-east-1.elb.amazonaws.com@dns.resp.name,0,0,0,0,0,1,1
media.sabio.us@dns.resp.name,0,0,0,0,0,1,1
east-load-balancer-832580375.us-east-1.elb.amazonaws.com@dns.resp.name,0,0,0,0,0,1,1
ssc-cms.33across.com@dns.resp.name,0,0,0,0,0,1,1
pixel.33across.com@dns.resp.name,0,0,0,0,0,1,1
ad.as.amanad.adtdp.com@dns.resp.name,0,0,0,0,0,1,1
171.17.100.208.in-addr.arpa@dns.resp.name,0,0,0,0,0,1,1
google2waycm.netmng.com@dns.resp.name,0,0,0,0,0,1,1
j2waycm.netmng.com@dns.resp.name,0,0,0,0,0,1,1
sinkhole.netmng.com@dns.resp.name,0,0,0,0,0,1,1
pixel-sync.sitescout.com@dns.resp.name,0,0,0,0,0,1,1
pixel-a.sitescout.com@dns.resp.name,0,0,0,0,0,1,1
y.one.impact-ad.jp@dns.resp.name,0,0,0,0,0,1,1
pool-gce.dac-yieldone.iponweb.net@dns.resp.name,0,0,0,0,0,1,1
ssbsync.smartadserver.com@dns.resp.name,0,0,0,0,0,1,1
ssbsync-geo.smartadserver.com@dns.resp.name,0,0,0,0,0,1,1
2-01-275d-0035.cdx.cedexis.net@dns.resp.name,0,0,0,0,0,1,1
ssbsync-sgp.smartadserver.com@dns.resp.name,0,0,0,0,0,1,1
s3-ap-northeast-1.amazonaws.com@dns.resp.name,0,0,0,0,0,1,1
showcase.svc.litv.tv@dns.resp.name,0,0,0,0,0,1,1
d3ar9ku57vchyt.cloudfront.net@dns.resp.name,0,0,0,0,0,1,1
112.243.116.104.in-addr.arpa@dns.resp.name,0,0,0,0,0,1,1
sfiles.cnyes.cool@dns.resp.name,0,0,0,0,0,1,1
dgqpog4rrrr7q.cloudfront.net@dns.resp.name,0,0,0,0,0,1,1
105.163.35.13.in-addr.arpa@dns.resp.name,0,0,0,0,0,1,1
40.68.219.52.in-addr.arpa@dns.resp.name,0,0,0,0,0,1,1
api.popin.cc@dns.resp.name,0,0,0,0,0,1,1
cs563.wac.iotacdn.net@dns.resp.name,0,0,0,0,0,1,1
b.cnyes.cool@dns.resp.name,0,0,0,0,0,1,1
static.hotjar.com@dns.resp.name,0,0,0,0,0,1,1
static.hotjar.com.c.section.io@dns.resp.name,0,0,0,0,0,1,1
certify-js.alexametrics.com@dns.resp.name,0,0,0,0,0,1,1
analytics.prod.jpp.cnyes.cool@dns.resp.name,0,0,0,0,0,1,1
log.popin.cc@dns.resp.name,0,0,0,0,0,1,1
rlog.popin.cc@dns.resp.name,0,0,0,0,0,1,1
in.treasuredata.com@dns.resp.name,0,0,0,0,0,1,1
cdnstatic.svc.litv.tv@dns.resp.name,0,0,0,0,0,1,1
d1jtcrndip2q88.cloudfront.net@dns.resp.name,0,0,0,0,0,1,1
eca.hinet.net@dns.resp.name,0,0,0,0,0,1,1
72.93.6.96.in-addr.arpa@dns.resp.name,0,0,0,0,0,1,1
loadus.exelator.com@dns.resp.name,0,0,0,0,0,1,1
loadus.tm.ssl.exelator.com@dns.resp.name,0,0,0,0,0,1,1
ap-northeast.load.exelator.com@dns.resp.name,0,0,0,0,0,1,1
load-nrt1.exelator.com@dns.resp.name,0,0,0,0,0,1,1
176.241.178.107.in-addr.arpa@dns.resp.name,0,0,0,0,0,1,1
59.163.35.13.in-addr.arpa@dns.resp.name,0,0,0,0,0,1,1
15.163.35.13.in-addr.arpa@dns.resp.name,0,0,0,0,0,1,1
fm.ipinyou.com@dns.resp.name,0,0,0,0,0,1,1
fm.ipinyou.com.cdn.dnsv1.com@dns.resp.name,0,0,0,0,0,1,1
2bfjdaqs.dispatch.spcdntip.com@dns.resp.name,0,0,0,0,0,1,1
www.stockfeel.com.tw@dns.resp.name,0,0,0,0,0,1,1
rich01.com@dns.resp.name,0,0,0,0,0,1,1
img.rich01.com@dns.resp.name,0,0,0,0,0,1,1
p4.achang.tw@dns.resp.name,0,0,0,0,0,1,1
i4.achangpro.com@dns.resp.name,0,0,0,0,0,1,1
pixel.wp.com@dns.resp.name,0,0,0,0,0,1,1
pixanalytics.pixnet.net@dns.resp.name,0,0,0,0,0,1,1
170.243.178.107.in-addr.arpa@dns.resp.name,0,0,0,0,0,1,1
ig.ck-cdn.com@dns.resp.name,0,0,0,0,0,1,1
i2.wp.com@dns.resp.name,0,0,0,0,0,1,1
secure.gravatar.com@dns.resp.name,0,0,0,0,0,1,1
d.line-scdn.net@dns.resp.name,0,0,0,0,0,1,1
d.line-scdn.net.edgekey.net@dns.resp.name,0,0,0,0,0,1,1
cac-d.line-scdn.net.line-zero.akadns.net@dns.resp.name,0,0,0,0,0,1,1
e3998.v.akamaiedge.net@dns.resp.name,0,0,0,0,0,1,1
torimochi.line-apps.com@dns.resp.name,0,0,0,0,0,1,1
66.163.35.13.in-addr.arpa@dns.resp.name,0,0,0,0,0,1,1
chartevents-reuters.tradingview.com@dns.resp.name,0,0,0,0,0,1,1
chartevents-reuters-us.tradingview.com@dns.resp.name,0,0,0,0,0,1,1
129.82.23.in-addr.arpa@dns.resp.name,0,0,0,0,0,1,1
100.244.207.in-addr.arpa@dns.resp.name,0,0,0,0,0,1,1
scanner.tradingview.com@dns.resp.name,0,0,0,0,0,1,1
scanner-us.tradingview.com@dns.resp.name,0,0,0,0,0,1,1
69.223.92.in-addr.arpa@dns.resp.name,0,0,0,0,0,1,1
finance.ffaarr.com.tw@dns.resp.name,0,0,0,0,0,1,1
ghs.google.com@dns.resp.name,0,0,0,0,0,1,1
resources.blogblog.com@dns.resp.name,0,0,0,0,0,1,1
edge-block-www.dropbox-dns.com@dns.resp.name,0,0,0,0,0,1,1
marketing.etorostatic.com@dns.resp.name,0,0,0,0,0,1,1
marketing.etoro.akadns.net@dns.resp.name,0,0,0,0,0,1,1
etoro-cdn.etorostatic.com@dns.resp.name,0,0,0,0,0,1,1
etoro-cdn.etoro.akadns.net@dns.resp.name,0,0,0,0,0,1,1
alldcs.outbrain.org@dns.resp.name,0,0,0,0,0,1,1
sadc1.outbrain.org@dns.resp.name,0,0,0,0,0,1,1
soma.smaato.net@dns.resp.name,0,0,0,0,0,1,1
histock.tw@dns.resp.name,0,0,0,0,0,1,1
214.128.222.81.in-addr.arpa@dns.resp.name,0,0,0,0,0,1,1
131.27.217.172.in-addr.arpa@dns.resp.name,1,1,0,0,0,0,2
10.24.217.172.in-addr.arpa@dns.resp.name,1,1,0,0,0,0,2
42.200.58.216.in-addr.arpa@dns.resp.name,1,1,0,0,0,0,2
204.195.72.52.in-addr.arpa@dns.resp.name,1,1,0,0,0,0,2
101.193.38.54.in-addr.arpa@dns.resp.name,1,1,0,0,0,0,2
113.80.20.23.in-addr.arpa@dns.resp.name,1,1,0,0,0,0,2
52.7.35.13.in-addr.arpa@dns.resp.name,1,1,0,0,0,0,2
136.27.217.172.in-addr.arpa@dns.resp.name,1,1,0,0,0,0,2
99.37.35.13.in-addr.arpa@dns.resp.name,1,1,0,0,0,0,2
eafd-ffgov-sn01.elasticafd.msedge.azure.us@dns.resp.name,0,1,0,0,0,0,1
beacons2.gvt2.com@dns.resp.name,0,1,0,0,0,0,1
89.47.in-addr.arpa@dns.resp.name,0,1,0,0,0,0,1
99.47.in-addr.arpa@dns.resp.name,0,1,0,0,0,0,1
uavcode.org@dns.resp.name,0,1,0,0,0,0,1
humanitariandronecode.files.wordpress.com@dns.resp.name,0,1,0,0,0,0,1
s6.files.wordpress.com@dns.resp.name,0,1,0,0,0,0,1
www.gravatar.com@dns.resp.name,0,1,0,0,0,0,1
app.appzi.io@dns.resp.name,0,1,0,0,0,0,1
widget-prod.azureedge.net@dns.resp.name,0,1,0,0,0,0,1
widget-prod.ec.azureedge.net@dns.resp.name,0,1,0,0,0,0,1
scdn1.wpc.7a6ac.zetacdn.net@dns.resp.name,0,1,0,0,0,0,1
sa9gl.wpc.zetacdn.net@dns.resp.name,0,1,0,0,0,0,1
appzi-collector-b.azurewebsites.net@dns.resp.name,0,1,0,0,0,0,1
waws-prod-ch1-027.vip.azurewebsites.windows.net@dns.resp.name,0,1,0,0,0,0,1
waws-prod-ch1-027.cloudapp.net@dns.resp.name,0,1,0,0,0,0,1
171.101.23.in-addr.arpa@dns.resp.name,0,1,0,0,0,0,1
cse.google.com@dns.resp.name,0,1,0,0,0,0,1
192.0.255.51.in-addr.arpa@dns.resp.name,0,1,0,0,0,0,1
46.22.162.139.in-addr.arpa@dns.resp.name,0,1,0,0,0,0,1
uhunt.onlinejudge.org@dns.resp.name,0,1,0,0,0,0,1
13.13.145.198.in-addr.arpa@dns.resp.name,0,1,0,0,0,0,1
208.1.93.104.in-addr.arpa@dns.resp.name,0,1,0,0,0,0,1
12.110.217.144.in-addr.arpa@dns.resp.name,0,1,0,0,0,0,1
cdn-images.mailchimp.com@dns.resp.name,0,1,0,0,0,0,1
dbhkt46el5ri0.cloudfront.net@dns.resp.name,0,1,0,0,0,0,1
tag.1rx.io@dns.resp.name,0,1,0,0,0,0,1
227.24.193.23.in-addr.arpa@dns.resp.name,0,1,0,0,0,0,1
213.246.128.138.in-addr.arpa@dns.resp.name,0,1,0,0,0,0,1
121.86.201.138.in-addr.arpa@dns.resp.name,0,1,0,0,0,0,1
pixel.tapad.com@dns.resp.name,0,1,0,0,0,0,1
sync.adap.tv@dns.resp.name,0,1,0,0,0,0,1
log-zone-b-1020666695.ap-southeast-1.elb.amazonaws.com@dns.resp.name,0,1,0,0,0,0,1
prebid-server.rubiconproject.com@dns.resp.name,0,1,0,0,0,0,1
prebid-server.rubiconproject.net.akadns.net@dns.resp.name,0,1,0,0,0,0,1
prebid-server-perf.rubiconproject.net.akadns.net@dns.resp.name,0,1,0,0,0,0,1
